Девелопер;Поселок;Менеджер;Шоссе;от МКАД;Район;Ближайший населенный пункт;Координаты;Вид разрешенного строительства;Автобус;Инфраструктура;Площадь участков;Цена за сотку;Количество участков;Количество участков в продаже;Наличие домов;Стоимость домов;Сайт;Водопровод;Электричество;Газ;
Земельный Экспресс;Триумфальный;Чернов Андрей;Дмитровское;28;Мытищинский;д. Фелисово;56.07161, 37.62107;Для жилищного строительства;Есть;Детская пл.,Спорт. пл.,Парковка,Освещение,Парк;5-9.5;700000-1195000;209;137;Участки;;https://triumfalniy.ru;Нет;Есть;Есть;
Земстройторг;Калистово;Анна Приселкова;Ярославское;42;Пушкинский;д. Василево;56.196149, 37.960677;Для садоводства;Нет;;6-11.3;250000-380000;249;125;Участки;;https://kalistovo-kp.ru;Нет;Есть;Нет;
Земельный Экспресс;Фаворит;Дмитрий Ж.;Каширское;30;Домодедовский;д. Ильинское;55.348713, 37.726927;Индивидуальное жилищное строительство;Есть;Детская пл.,Спорт. пл.,Освещение,Парковка;5.9-13.7;450000-1045000;435;38;Участки;;http://favorit-kp.ru;Нет;Есть;Есть;
Собственник;Наследие;Макагонова Ольга;Киевское;37;Новая Москва;д. Кукшево;55.471022, 37.166711;Индивидуальное жилищное строительство;Нет;Детская пл.,Спорт. пл.,Парк,Освещение,Парковка;6-10.5;850000-1500000;354;322;Участки;;https://doma-nasledie.ru;Есть;Есть;Есть;
Мета Группа;Большое Брехово;Чернов Андрей;Пятницкое;20;Химкинский;д. Брехово;55.917257, 37.156504;Для жилищного строительства;Есть;;11.72-12.89;545000-545000;232;3;Участки;;http://kp-brehovo.ru;Нет;Есть;Есть;
Земельный Экспресс;Есенино;Светлана Лозовая;Каширское;38;Домодедовский;с. Успенское;55.30055, 37.92686;Для жилищного строительства;Есть;Детская пл.;5-9.58;350000-545000;210;55;Участки;;https://esenino-kp.ru;Нет;Есть;Есть;
Земельный Экспресс;Артемово ИЖС;Дмитрий Ж.;Каширское;41;Домодедовский;д. Матчино;55.25516, 37.78950;Индивидуальное жилищное строительство;Есть;Детская пл.,Освещение,Парковка;5-10.19;235000-390000;566;442;Участки;;https://kp-artemovo.ru;Нет;Есть;Нет;
Земельный Экспресс;Грибоедово;Дмитрий Ж.;Каширское;38;Домодедовский;с. Успенское;55.303720, 37.917540;Для жилищного строительства;Есть;Детская пл.,Спорт. пл.,Парк,Освещение;5-11.5;444000-1380000;429;371;Участки;;https://griboedovo-kp.ru;Нет;Есть;Есть;
Земельный Экспресс;Регата;Дмитрий Ж.;Каширское;38;Домодедовский;д. Минаево;55.269919, 37.747806;Индивидуальное жилищное строительство;Есть;Детская пл.,Спорт. пл.,Парковка;5.17-7.62;399000-560000;199;19;Участки;;https://regata-kp.ru;;Есть;Есть;
Дмитровка Загородная недвижимость;Сходня Форест Парк;Чернов Андрей;Ленинградское;13;Химкинский;д. Голиково;55.927015, 37.290049;Для дачного строительства;Есть;Детская пл.,Освещение,Спорт. пл.,Парковка,Парк;5-11.8;1400000-2200000;297;84;Участки;;https://shodnya-forest.ru;Есть;Есть;Есть;
Земельный Экспресс;Репино;Дмитрий Ж.;Каширское;43;Домодедовский;д. Юсупово;55.251580, 37.722170;Индивидуальное жилищное строительство;Есть;;5-12.53;185000-355000;362;71;Участки;;https://repino-kp.ru;Нет;Есть;Нет;
Земстройторг;Пахра Ривер Парк;Александр;Новорязанское;26;Раменский;с. Зеленая Слобода;55.524038, 37.989326;Индивидуальное жилищное строительство;Есть;;6-20.46;350000-890000;433;174;Участки;;https://pahra-river-kp.ru;Нет;Есть;Есть;
Земельный Экспресс;Калина;Светлана Лозовая;Каширское;44;Домодедовский;д. Матчино;55.23710, 37.78249;Индивидуальное жилищное строительство;Есть;;5-13.18;195000-320000;366;151;Участки;;https://kp-kalina.ru;Нет;Есть;Нет;
Мета Группа;Костино Парк;Чернов Андрей;Ярославское;21;Пушкинский;д. Костино;56.046787, 37.902987;Индивидуальное жилищное строительство;Есть;Детская пл.,Спорт. пл.,Парк;6.77-14.92;495000-785000;126;20;Участки;;https://kostino-kp.ru;Нет;Есть;Нет;
Земстройторг;Оттепель;Александр;Новорязанское;35;Раменский;д. Васильево;55.474648,38.074282;Для дачного строительства с правом возведения жилого дома и проживания в нем;Есть;;6.2-14;100000-550000;363;342;Участки;;https://ot-tepel.ru;Нет;Есть;Есть;
Удача;Традиции;Анна Приселкова;Носовихинское,Горьковское;20;Ногинский;д. Исаково;55.713111, 38.174449;Индивидуальное жилищное строительство;Есть;Детская пл.,Спорт. пл.,Парк,Освещение;5.5-22.5;500000-1243087;260;62;Участки;;https://kp-tradicii.ru;Нет;Есть;Нет;
Земельный Экспресс;Калипсо Вилладж-2;Чернов Андрей;Дмитровское;26;Мытищинский;д. Большая Черная;56.123566, 37.528823;Для жилищного строительства;Есть;Детская пл.,Освещение,Парковка;6.83-12.84;550000-805000;90;6;Участки;;https://kalipso-village.ru;Нет;Есть;Есть;
Земельный Экспресс;Шереметьевская усадьба;Чернов Андрей;Ленинградское;18;Химкинский;пос. Лунево;55.996437, 37.359559;Для садоводства;Есть;Детская пл.,Парковка,Освещение;4-10.5;780000-1400000;72;58;Участки;;https://sheremetevo-usadba.ru;Нет;Есть;Есть;
Земельный Экспресс;Минаево Парк;Дмитрий Ж.;Каширское;40;Домодедовский;д. Минаево;55.28298, 37.74651;Индивидуальное жилищное строительство;Есть;;5-12.75;225000-415000;272;196;Участки;;https://minaevo-park.ru;Нет;Есть;Нет;
Земельный Экспресс;Лесной остров;Светлана Лозовая;Каширское;36;Домодедовский;д. Тургенево;55.338157, 37.699060;Индивидуальное жилищное строительство;Есть;Детская пл.,Спорт. пл.,Освещение;5-11.45;610000-805000;167;88;Участки;;https://lesnoi-ostrov.ru;Нет;Есть;Есть;
Собственник;Эко Вилладж;Александр;Новорязанское;21;Раменский;д. Щеголево;55.522430,37.961609;Индивидуальное жилищное строительство;Есть;;5-5.86;200000-200000;85;71;Дома и участки;7900000-9900000;https://kp-ecovillage.ru;Есть;Есть;Есть;
Собственник;Новая Дятловка;Анна Приселкова;Носовихинское;7;Балашихинский;д. Дятловка;55.735145, 38.057118;Индивидуальное жилищное строительство;Есть;;6-9;;205;152;Дома;10900000-21500000;;;Есть;Есть;
Дмитровка Загородная недвижимость;Сходня Лайф;Чернов Андрей;Ленинградское;15;Химкинский;г. Химки;55.924608, 37.310019;Для дачного строительства;Есть;Детская пл.,Спорт. пл.,Освещение,Парковка;6.9-8.55;1250000-1400000;146;19;Дома и участки;16900000-26400000;;Нет;Есть;Есть;
Земстройторг;Серебряный ручей;Чернов Андрей;Рогачёвское,Дмитровское,Ленинградское;59;Дмитровский;д. Малое Насоново;56.338026, 37.147721;Для дачного строительства;Есть;;6-20;99000-300000;146;141;Участки;;https://serebro-ruchei.ru;Нет;Есть;Нет;
Удача;Гармония;Чернов Андрей;Дмитровское;39;Дмитровский;д. Горки;56.215368, 37.586946;Для дачного строительства;;;8.35-13.4;170000-358623;43;9;Участки;;;Нет;Есть;Нет;
Земельный Экспресс;Васнецово;Дмитрий Ж.;Каширское;40;Домодедовский;д. Юсупово;55.257690, 37.750500;Для жилищного строительства;Есть;;5.1-9.44;245000-380000;326;24;Участки;;https://vasnetsovo-kp.ru;Нет;Есть;Нет;
Красивая Земля;Черешневый лес;Елена Жабченко;Симферопольское;51;Чеховский;д. Васькино;55.144648, 37.616351;Для садоводства;Есть;Детская пл.,Спорт. пл.,Парк,Освещение;6-20;232500-306666;299;178;Участки;;https://chereshnya-les.ru;Нет;Есть;Нет;
Земельный Экспресс;Династия;Дмитрий Ж.;Каширское;41;Домодедовский;д. Курганье;55.286280, 37.751410;Индивидуальное жилищное строительство;Есть;Детская пл.,Освещение,Спорт. пл.;5.05-12.31;330000-840000;228;125;Участки;;https://dinastiya-kp.ru;Нет;Есть;Нет;
Земельный Экспресс;Лидер;Дмитрий Ж.;Каширское;40;Домодедовский;с. Юсупово;55.251750, 37.756400;Индивидуальное жилищное строительство;Есть;Освещение,Парковка;5-10.28;250000-420000;315;145;Участки;;https://kp-lider.ru;Нет;Есть;Нет;
Земельный Экспресс;Рублево;Дмитрий Ж.;Каширское;40;Домодедовский;д. Юсупово;55.253880, 37.751790;Для жилищного строительства;Есть;Парковка,Парк;5.03-11.42;280000-490000;354;28;Участки;;https://rublevo-kp.ru;Нет;Есть;Нет;
Красивая Земля;Орлиные холмы;Елена Жабченко;Симферопольское;62;Чеховский;д. Красные орлы;55.074948,37.532035;Для садоводства;Есть;Детская пл.,Спорт. пл.,Парк;6.03-20.62;127512-207251;457;96;Участки;;https://orlinye-holmy.ru;Есть;Есть;Нет;
Земельный Экспресс;Светлый;Светлана Лозовая;Каширское;49;Домодедовский;д. Косино;55.22762, 37.83386;Индивидуальное жилищное строительство;Есть;;7.63-15.04;190000-215000;260;99;Участки;;https://kp-svetliy.ru;Нет;Есть;Нет;
Земстройторг;Первый;Анна Приселкова;Ярославское;12;Пушкинский;г. Королев;55.949863, 37.853883;Для жилищного строительства;Есть;;6-19.59;1210000-1530000;64;38;Участки;;https://kp-pervyi.ru;Нет;Есть;Нет;
Земельный Экспресс;Ильинское ИЖС;Светлана Лозовая;Каширское;29;Домодедовский;д. Ильинское;55.34157, 37.73190;Индивидуальное жилищное строительство;Есть;Магазин;7.37-11.93;460000-600000;171;18;Участки;;http://ilinskoe-kp.ru;Нет;Есть;Есть;
Красивая Земля;Солнечный берег (5 очередь);Александр;Новорязанское;16;Раменский;д. Верхнее Мячково;55.553412, 37.998112;Для дачного строительства с правом возведения жилого дома и проживания в нем;Есть;;6.2-15.44;485000-525000;169;40;Участки;;https://solnce-bereg.ru;Нет;Есть;Есть;
Красивая Земля;Южные озера-3;Макагонова Ольга;Симферопольское,Калужское;56;Чеховский;д. Тюфанка;55.209379, 37.259449;Для садоводства;Есть;Детская пл.,Спорт. пл.,Парк,Парковка;6.04-19.95;127340-468531;285;114;Участки;;https://uzhnye-ozera.ru;Нет;Есть;Есть;
Красивая Земля;Швейцарская долина;Елена Жабченко;Симферопольское;57;Чеховский;пос. Новый быт;55.074499, 37.615003;Индивидуальное жилищное строительство;Есть;;9.23-13.48;153832-182222;244;43;Участки;;https://swiss-dolina.ru;Нет;Есть;Нет;
Удача;Эдем;Анна Приселкова;Горьковское,Щелковское;40;Щелковский;д. Малые Петрищи;56.088700, 38.301928;Для дачного строительства;Есть;Детская пл.,Освещение,Парковка,Спорт. пл.,Парк;8.43-12.6;150000-440000;200;32;Участки;;https://edem-kp.ru;Есть;Есть;Есть;
Удача;Таширово;Айнура;Киевское,Минское;60;Наро-Фоминский;д. Таширово;55.418844, 36.642330;Для дачного строительства;Есть;Детская пл.,Спорт. пл.,Освещение,Парковка;6-15;312843-384526;220;109;Участки;;https://kp-tashirovo.ru;Нет;Есть;Нет;
Земельный Экспресс;Новое Сонино;Светлана Лозовая;Каширское;35;Домодедовский;д. Сонино;55.295230, 37.795040;Индивидуальное жилищное строительство;Есть;;5.62-10.89;360000-610000;258;59;Участки;;http://novoe-sonino.ru;Нет;Есть;Нет;
Земельный Экспресс;Карамель;Светлана Лозовая;Каширское;39;Домодедовский;д. Минаево;55.27353, 37.74215;Индивидуальное жилищное строительство;Есть;Детская пл.,Парковка,Спорт. пл.;5.12-16.59;285000-355000;247;4;Участки;;https://karamel-kp.ru;Нет;Есть;Нет;
Земля за городом;Сохинки ИЖС;Елена Жабченко;Симферопольское,Варшавское;63;Чеховский;д. Сохинки;55.074785, 37.289177;Индивидуальное жилищное строительство;Есть;Спорт. пл.,Парк;5-10.4;110000-216000;196;174;Участки;;https://sohinki-igs.ru;Нет;Есть;Нет;
Земельный Экспресс;Карамель-2;Светлана Лозовая;Каширское;39;Домодедовский;д. Минаево;55.277219, 37.737851;Индивидуальное жилищное строительство;Есть;;5.12-10.48;250000-290000;128;5;Участки;;;Нет;Есть;Нет;
Зембери;Бородино;Голышев Михаил;Симферопольское;23;Подольский;д. Бородино;55.395788, 37.486383;Индивидуальное жилищное строительство;Есть;Детская пл.,Спорт. пл.,Освещение,Парковка,Магазин,Дет.сад,Школа,Аптека;5-21.39;1000000-1800000;235;179;Участки;;;Нет;Есть;Есть;
Красивая Земля;Васильково-4 (вторая очередь);Макагонова Ольга;Симферопольское,Калужское;55;Чеховский;д. Масново-Жуково;55.218597, 37.288400;Для садоводства;Есть;;10.08-17.49;100000-125000;295;18;Участки;;http://vasilkovo-kp.ru;Нет;Есть;Нет;
Удача;Адмирал;Процман Иван;Егорьевское,Новорязанское;49;Раменский;г. Бронницы;55.432582, 38.285998;Для дачного строительства с правом возведения жилого дома и проживания в нем;Есть;Детская пл.,Спорт. пл.,Пляж;6-33.4;300000-1544790;504;147;Участки;;https://admiral-kp.ru;Нет;Есть;Нет;
Земельный Экспресс;Минаево ИЖС;Дмитрий Ж.;Каширское;39;Домодедовский;д. Минаево;55.27868, 37.74385;Индивидуальное жилищное строительство;Есть;;5-13.15;250000-350000;399;30;Участки;;https://minaevo-igs.ru;Нет;Есть;Нет;
Земельный Экспресс;Бунино;Дмитрий Ж.;Каширское;38;Домодедовский;д. Шахово;55.31063, 37.91029;Для жилищного строительства;Есть;Детская пл.,Спорт. пл.;5-20.57;235000-290000;536;125;Участки;;https://kp-bunino.ru;Нет;Есть;Есть;
Россзем;Икшинский лес;Чернов Андрей;Дмитровское;42;Дмитровский;д. Морозово;56.167685, 37.589621;Для дачного строительства;Нет;;7-15;100000-180000;61;18;Участки;;;Нет;Есть;Есть;
Земстройторг;Медведки;Чернов Андрей;Рогачёвское,Дмитровское;35;Дмитровский;д. Каменка;56.169029, 37.299967;Для дачного строительства;Есть;Детская пл.,Спорт. пл.;6-12.7;225000-350000;847;630;Участки;;https://medvedky-kp.ru;Нет;Есть;Нет;
Земстройторг;ЭкоКвартал Раздолье;Александр;Новорязанское;21;Раменский;д. Щёголево;55.524627, 37.940820;Для жилищного строительства;Есть;;6-37.13;400000-600000;1275;55;Участки;;https://eco-razdolie.ru;Нет;Есть;Есть;
Земельный Экспресс;Лазурный;Дмитрий Ж.;Каширское;37;Домодедовский;д. Шахово;55.313027, 37.902593;Индивидуальное жилищное строительство;Есть;;5.04-7.99;275000-925000;44;26;Участки;;https://lazurnyi-kp.ru;Нет;Есть;Нет;
Собственник;Сходня Кантри Клаб;Чернов Андрей;Ленинградское;13;Химкинский;д. Голиково;55.933561, 37.295970;Индивидуальное жилищное строительство;Есть;Детская пл.,Спорт. пл.,Парковка,Парк,Освещение;6-12.78;1200000-1650000;124;58;Дома;18810000-51230000;;Есть;Есть;Есть;
Удача;Ольшаны;Чернов Андрей;Дмитровское;45;Дмитровский;д. Сбоево;56.21259, 37.642429;Для дачного строительства;Есть;Детская пл.,Пляж,Освещение,Парковка;6.2-25.8;183697-228000;310;10;Участки;;;Нет;Есть;Нет;
Зембери;Васькино ИЖС;Голышев Михаил;Симферопольское;50;Чеховский;д. Васькино;55.126859, 37.594534;Индивидуальное жилищное строительство;Есть;;5-11.18;335000-800000;167;46;Участки;;;Нет;Есть;Есть;
Земля за городом;Река;Анна Приселкова;Щелковское,Фряновское;38;Щелковский;д. Каблуково;56.016655, 38.172527;Для дачного строительства;Есть;Детская пл.,Спорт. пл.,Парковка,Освещение;5.66-10.5;260000-390000;85;50;Участки;;https://reka-kp.ru;Нет;Есть;Нет;
Красивая Земля;Сосновый бор 1,2;Александр;Новорязанское;14;Раменский;п. Островцы;55.58247, 38.002394;Для дачного строительства с правом возведения жилого дома и проживания в нем;Есть;Детская пл.,Парковка,Спорт. пл.,Парк;10.5-10.74;811731-814285;773;8;Участки;;https://sosnovyi-bor.ru;Есть;Есть;Есть;
Земельный Экспресс;Береговой-2;Светлана Лозовая;Каширское;43;Домодедовский;д. Матчино;55.23700, 37.78709;Индивидуальное жилищное строительство;Есть;;5.1-9;250000-310000;229;7;Участки;;https://kp-beregovoy.ru;Нет;Есть;Нет;
Красивая Земля;Великие Озёра;Процман Иван;Новорязанское;48;Раменский;д. Нестерово;55.379935,38.150067;Для дачного строительства с правом возведения жилого дома и проживания в нем;Есть;Детская пл.,Спорт. пл.,Парк,Парковка;12.49-38.79;162632-289231;862;19;Участки;;https://velikie-ozera.ru;Нет;Есть;Есть;
Красивая Земля;Заповедный берег;Елена Жабченко;Симферопольское;77;Серпуховский;д. Нижнее Шахлово;55.030373,37.267462;Для дачного строительства;Есть;Детская пл.,Пляж;7.84-19.35;78765-140322;329;48;Участки;;;Нет;Есть;Есть;
Удача;Кутузовские холмы;Александр;Новорязанское;25;Раменский;д. Каменное Тяжино;55.548234, 38.02771;Индивидуальное жилищное строительство;Есть;Детская пл.,Парковка,Освещение,Спорт. пл.,Парк;9.7-9.7;435233-435233;178;1;Участки;;http://kutuzovskie-holmy.ru;Нет;Есть;Есть;
Земельный Экспресс;Земляничная поляна-3;Дмитрий Ж.;Каширское;37;Домодедовский;д. Матчино ;55.25172, 37.79604;Индивидуальное жилищное строительство;Есть;;6.8-12.95;215000-435000;452;33;Участки;;https://zem-polyana.ru;Нет;Есть;Нет;
Красивая Земля;Долина Озер 2;Процман Иван;Новорязанское;53;Раменский;д. Салтыково;55.378733,38.108546;Для дачного строительства с правом возведения жилого дома и проживания в нем;Есть;;8-11.87;100000-125000;516;21;Участки;;https://dolyna-ozer.ru;Нет;Есть;Нет;
Земля за городом;Новые Велеми;Елена Жабченко;Симферопольское;69;Серпуховский;пос. Пролетарский; 55.030834, 37.358953;Для дачного строительства;Есть;Спорт. пл.,Парк,Освещение;6-10;145000-230000;121;65;Участки;;https://novie-velemi.ru;Нет;Есть;Нет;
Земстройторг;Рижские зори;Антон;Новорижское,Волоколамское;67;Истринский;д. Загорье;55.818615, 36.491940;Индивидуальное жилищное строительство;Есть;;6-14.4;139000-240000;1989;430;Участки;;https://rizskie-zori.ru;Нет;Есть;Нет;
Зембери;Лисичкино;Процман Иван;Новорязанское;45;Раменский;с. Татаринцево;55.35125, 38.350718;Для дачного строительства с правом возведения жилого дома и проживания в нем;Есть;;6.2-9.44;125000-150000;200;70;Участки;;https://kp-lisichkino.ru;Нет;Есть;Нет;
Мета Группа;Ели (Елизарово);Макагонова Ольга;Киевское,Калужское;28;Новая Москва;пос. Первомайское;55.503293, 37.180611;Индивидуальное жилищное строительство;Есть;Детская пл.,Спорт. пл.,Парк,Освещение,Парковка;6-19;1250000-2460000;425;194;Участки;;https://elizarovo-kp.ru;Есть;Есть;Есть;
Земельный Экспресс;Земляничная поляна-2;Дмитрий Ж.;Каширское;37;Домодедовский;д. Матчино;55.256050, 37.797610;Индивидуальное жилищное строительство;Есть;;7.3-7.3;230000-230000;171;1;Участки;;https://zem-polyana.ru;Нет;Есть;Нет;
Удача;Акация;Чернов Андрей;Дмитровское,Ярославское;60;Дмитровский;д. Ерыково;56.249593, 37.756112;Для дачного строительства;Нет;;6-12.07;99360-145000;93;28;Участки;;;Нет;Есть;Нет;
Зембери;Подпоринские дачи;Антон;Новорижское,Волоколамское;40;Истринский;д. Еремеево;55.930716, 37.018163;Для дачного строительства;Есть;Детская пл.,Спорт. пл.;7.35-7.86;325000-450000;264;4;Участки;;;Нет;Есть;Нет;
Земельный Экспресс;Земляничная поляна;Дмитрий Ж.;Каширское;36;Домодедовский;д. Матчино;55.264472, 37.790980;Индивидуальное жилищное строительство;Есть;;6.34-10.66;220000-235000;446;7;Участки;;https://zem-polyana.ru;Нет;Есть;Нет;
Мета Группа;Дарьино Парк;Антон;Новорижское,Волоколамское;40;Истринский;д. Еремеево;55.934250, 37.017891;Для дачного строительства;Есть;Детская пл.,Спорт. пл.,Парк,Освещение,Парковка;6.7-14;450000-800000;343;206;Участки;;https://dariino-park.ru;Есть;Есть;Есть;
Земельный Экспресс;Дачная практика 2;Дмитрий Ж.;Каширское;38;Домодедовский;д. Шишкино;55.262417, 37.769960;Индивидуальное жилищное строительство;Есть;;6.5-15;355000-490000;331;172;Участки;;https://dachnaya-practika.ru;Есть;Есть;Есть;
Зембери;Зеландия;Антон;Новорижское,Волоколамское;40;Истринский;д. Подпорино;55.928735, 37.012253;Для дачного строительства;Есть;Детская пл.,Спорт. пл.,Освещение,Парковка;7.3-11.06;395000-470000;201;8;Участки;;;Нет;Есть;Есть;
Зембери;Якшино Лайт;Голышев Михаил;Симферопольское;50;Чеховский;д. Ходаево;55.201024, 37.395348;Для дачного строительства;Есть;;6-13.45;200000-325000;128;19;Участки;;;Нет;Есть;Нет;
Зембери;Губернский лес;Голышев Михаил;Симферопольское;49;Чеховский;г. Чехов;55.176742, 37.462807;Индивидуальное жилищное строительство;Есть;Детская пл.,Спорт. пл.,Освещение;6-9.5;600000-750000;87;85;Участки;;;Есть;Есть;Есть;
Земельный Экспресс;Дивный;Светлана Лозовая;Каширское;49;Домодедовский;д. Степыгино;55.217702, 37.699769;Индивидуальное жилищное строительство;Есть;;5-12.17;159000-166000;242;31;Участки;;https://kp-divniy.ru;Нет;Есть;Нет;
Земельный Экспресс;ПриЛесной;Чернов Андрей;Дмитровское;27;Мытищинский;д. Фелисово;56.07196, 37.61622;Для жилищного строительства;Есть;Детская пл.,Спорт. пл.,Парковка;5.1-8.5;910000-1200000;28;17;Участки;;https://prilesnoy.ru;Нет;Есть;Есть;
Земля за городом;Новое Салтыково;Процман Иван;Новорязанское;49;Раменский;д. Салтыково;55.380291, 38.104886;Для дачного строительства;Есть;;4.5-12.93;99000-248000;117;42;Участки;;https://kp-saltykovo.ru;Нет;Есть;Нет;
Земстройторг;Лапино;Айнура;Минское,Можайское;18;Одинцовский;Перхушково;55.665845, 37.137751;Индивидуальное жилищное строительство;Есть;;6-15;1700000-2500000;312;182;Участки;;https://lapino-kp.ru;;Есть;Есть;
Земля за городом;Новое Таширово;Айнура;Киевское;59;Наро-Фоминский;д. Таширово;55.416920, 36.637998;Для дачного строительства;Есть;Детская пл.,Спорт. пл.,Парк;6.6-9.9;209000-360000;212;1;Участки;;https://novoe-tashirovo.ru;Нет;Есть;Нет;
Земстройторг;Калитино;Анна Приселкова;Горьковское;53;Ногинский;д. Калитино;55.934391, 38.568268;Индивидуальное жилищное строительство;Есть;;6.44-15.03;145000-145000;101;0;Участки;;http://kalitino-kp.ru;Нет;Есть;Нет;
Удача;Балабановка;;;75;;д. Старомихайловское;55.217386, 36.716068;Индивидуальное жилищное строительство;Нет;Детская пл.,Спорт. пл.,Парк,Освещение;6-17.35;109000-457380;125;41;Участки;;;Нет;Есть;Нет;
Земстройторг;Русавкино-Заречное;Анна Приселкова;Носовихинское,Горьковское;28;Балашихинский;д. Полушкино;55.700488, 38.083584;Индивидуальное жилищное строительство;Есть;;6-15.53;300000-300000;286;1;Участки;;;Нет;Есть;Нет;
Зембери;Новое Скурыгино;Голышев Михаил;Симферопольское;50;Чеховский;д. Ходаево;55.208309, 37.386758;Для жилищного строительства;Есть;Магазин,Детская пл.,Спорт. пл.,Парк;7.71-7.71;220000-220000;261;1;Участки;;;Нет;Есть;Есть;
Земля за городом;Дмитровские просторы;Чернов Андрей;Дмитровское;58;Дмитровский;д. Дятлино;56.370515, 37.376575;Для дачного строительства;Есть;Детская пл.;23.46-23.46;60000-126000;314;1;Участки;;;Нет;Есть;Есть;
Красивая Земля;Святой источник-2;Елена Жабченко;Симферопольское;56;Чеховский;д. Попово;55.082627,37.66682;Индивидуальное жилищное строительство;Есть;Детская пл.,Спорт. пл.,Парк;17.87-17.87;85000-125000;169;1;Участки;;;Нет;Есть;Есть;
Мета Группа;Максимово Парк;Александра Морозова;Новорижское,Волоколамское,Пятницкое;43;Истринский;д. Максимовка;55.961835, 36.861894;Для дачного строительства;Есть;Детская пл.,Спорт. пл.,Парк,Освещение,Парковка;6.5-21.93;550000-850000;635;431;Участки;;https://maximovo-park.ru;Есть;Есть;Есть;
Зембери;Ходаевские дачи;Голышев Михаил;Симферопольское;50;Чеховский;д. Ходаево;55.207721, 37.398588;Для жилищного строительства;Есть;Детская пл.,Освещение,Спорт. пл.;6.2-10.13;310000-330000;293;17;Участки;;;Нет;Есть;Есть;
Земстройторг;Решетниково;Бельчикова Елена;Ленинградское;89;Клинский;р.п. Решетниково;56.451510, 36.571618;Индивидуальное жилищное строительство;Есть;;7.7-12.4;175000-175000;214;14;Участки;;http://reshetnikovo-kp.ru;Нет;Есть;Нет;
Земельный Экспресс;Степыгино ИЖС-2;Светлана Лозовая;Каширское;50;Домодедовский;д. Степыгино;55.218150, 37.704911;Индивидуальное жилищное строительство;Есть;;5.74-11.1;150000-155000;237;7;Участки;;;Нет;Есть;Нет;
Россзем;Малые горки;Чернов Андрей;Дмитровское;40;Дмитровский;д. Горки;56.213159, 37.586176;Для дачного строительства;Есть;;9.6-30;160000-190000;33;10;Участки;;;Нет;Есть;Нет;
Земля за городом;Дмитровские сады;Чернов Андрей;Дмитровское;57;Дмитровский;д. Горшково;56.371225, 37.400275;Для дачного строительства;Есть;Детская пл.,Спорт. пл.;9.14-21.6;100000-150000;305;29;Участки;;;Нет;Есть;Есть;
Удача;У реки;;;97;;д. Агрофенино;55.244295, 36.356095;Для садоводства;Есть;Детская пл.,Спорт. пл.,Освещение;7.4-16.3;44000-106000;280;66;Участки;;;Нет;Есть;Нет;
Земельный Экспресс;Брусникино;Светлана Лозовая;Каширское;39;Домодедовский;д. Шишкино;55.267693, 37.796691;Индивидуальное жилищное строительство;Есть;;5-9.53;230000-400000;325;42;Участки;;http://kp-brusnikino.ru;Нет;Есть;Есть;
Земля за городом;Дмитровские просторы-2;Чернов Андрей;Дмитровское;58;Дмитровский;д. Дятлино;56.366368, 37.390880;Для дачного строительства;Есть;Детская пл.;9.9-9.9;;280;1;Дома;4100000-4100000;;Нет;Есть;Есть;
Земстройторг;Фаустово;Процман Иван;Новорязанское;61;Воскресенский;с. Фаустово;55.445467, 38.467728;Индивидуальное жилищное строительство;Есть;;6-9.87;129000-129000;121;0;Участки;;http://faustovo-kp.ru;Нет;Есть;Нет;
Зембери;Лисичкино-2;Процман Иван;Новорязанское;45;Раменский;с. Татаринцево;55.352161, 38.345704;Для дачного строительства с правом возведения жилого дома и проживания в нем;Есть;;6-9;135000-150000;198;82;Участки;;;Нет;Есть;Нет;
Земельный Экспресс;Растуново ИЖС;Дмитрий Ж.;Каширское;39;Домодедовский;с. Растуново;55.26717, 37.80867;Индивидуальное жилищное строительство;Есть;;5-9.5;265000-370000;548;284;Участки;;https://rastunovo-kp.ru;Нет;Есть;Есть;
Земстройторг;Флора Парк;Анна Приселкова;Носовихинское,Горьковское;55;Павлово-Посадский;Павловский посад;55.763773, 38.635676;Для дачного строительства;Есть;;6.02-6.35;119000-139000;53;2;Дома и участки;8642000-8697000;https://kp-florapark.ru;Нет;Есть;Есть;
Россзем;Благовещенское;Чернов Андрей;Дмитровское;35;Дмитровский;д. Благовещенское;56.233499, 37.570383;Для дачного строительства с правом возведения жилого дома и проживания в нем;Есть;;8-10.04;126000-161000;141;6;Участки;;;Нет;Есть;Есть;
Зембери;Покров Парк;Голышев Михаил;Симферопольское;47;Чеховский;д. Покров;55.197164, 37.440839;Индивидуальное жилищное строительство;Есть;Детская пл.,Спорт. пл.,Освещение,Парковка;5-8;355000-430000;167;167;Участки;;;Нет;Есть;Есть;
Собственник;Альбион;Александра Морозова;Новорижское,Волоколамское;28;Истринский;д. Манихино;55.884186, 36.972840;Для дачного строительства;Нет;Детская пл.,Освещение,Парковка,Спорт. пл.;6-15;;142;101;Дома;20200000-41000000;;Есть;Есть;Есть;
Земельный Экспресс;Фишер;Дмитрий Ж.;Каширское;38;Домодедовский;Барыбино;55.258168, 37.873191;Индивидуальное жилищное строительство;Есть;Детская пл.,Парковка;13.3-17.1;255000-255000;262;6;Участки;;https://fisher-poselok.ru;Нет;Есть;Есть;
Земля за городом;Березы;Антон;Новорижское,Волоколамское;55;Истринский;с. Онуфриево;55.835659, 36.502421;Для садоводства;Есть;Детская пл.,Парковка,Спорт. пл.;6-12.77;230000-390000;91;85;Участки;;https://kp-berezy.ru;Нет;Есть;Нет;
AVO Business;Woodside Residence;Woodside Residence;Рогачёвское;63;Дмитровский;д. Аладьино;56.365455, 37.068675;Для дачного строительства;Нет;Детская пл.,Парковка,Парк,Пляж,Освещение;15-37;523000-575000;90;14;Дома и участки;4990000-20265000;;Есть;Есть;Есть;
Земстройторг;Карцево;Антон;Новорижское,Волоколамское;56;Истринский;д. Карцево;56.041903, 36.715227;Для дачного строительства;Есть;;7.6-17.83;125000-290000;749;618;Участки;;https://karcevo-poselok.ru;Нет;Есть;Нет;
Собственник;Салтыково Парк;Александр;Новорязанское;40;Раменский;с. Салтыково;55.380906, 38.099274;Для дачного строительства;Есть;Детская пл.,Парк,Освещение;4.6-35;100000-200000;111;109;Дома;6530000-9330000;;Есть;Есть;Нет;
AVO Business;Bayside Residence;Bayside Residence;Минское,Можайское;110;Можайский;д. Дерново;55.670467, 35.664318;Для дачного строительства;Есть;Детская пл.,Парк,Освещение,Спорт. пл.,Парковка;8-76;337000-538000;350;99;Дома и участки;4850000-20265000;;Есть;Есть;Нет;
Зембери;Зыковские дали;Александра Морозова;Новорижское,Волоколамское;75;Истринский;д. Зыково;56.07091, 36.698889;Для дачного строительства;Есть;;6-10.7;144000-190000;470;398;Участки;;;Нет;Есть;Нет;
Земля за городом;Клинские сады;Бельчикова Елена;Ленинградское;78;Клинский;д. Ситники;56.217780, 36.607601;Для дачного строительства;Есть;Парковка,Детская пл.;6-13.81;61000-126000;166;56;Участки;;https://klinskie-sady.ru;Нет;Есть;Нет;
Земстройторг;Сбоево;Чернов Андрей;Дмитровское;49;Дмитровский;д. Сбоево;56.220787, 37.626303;Для дачного строительства;Есть;;6.2-13.13;175000-350000;346;346;Участки;;;Нет;Есть;Нет;
Земстройторг;Братовщина;Анна Приселкова;Ярославское;22;Пушкинский;р.п. Правдинский;56.053068, 37.866368;Для дачного строительства;Есть;;6-12;800000-1100000;310;247;Участки;;https://bratovshina-kp.ru;Нет;Есть;Есть;
Земстройторг;Коськово;Александра Морозова;Ленинградское;76;Клинский;д. Коськово;56.113857, 36.634703;Для дачного строительства;Есть;Освещение;6-14.56;99000-190000;286;253;Участки;;https://kp-koskovo.ru;Нет;Есть;Нет;
Мета Группа;Ушаков;Антон;Волоколамское;49;Истринский;д. Большое Ушаково;55.998758, 36.782935;Для дачного строительства;Есть;Детская пл.,Спорт. пл.,Парк;6.25-17.8;235000-325000;205;146;Участки;;https://ushakov-kp.ru;Нет;Есть;Нет;
Перелески;Перелески;;Новорижское,Волоколамское;56;Истринский;с. Онуфриево;55.837975, 36.498873;Для дачного строительства;Есть;Детская пл.,Спорт. пл.,Пляж,Парк,Освещение;10-25;500000-550000;251;38;Дома;13500000-13500000;;Есть;Есть;Есть;
Земля за городом;Истринские сады;Александра Морозова;Новорижское,Волоколамское;55;Истринский;д. Рубцово;55.943492, 36.584754;Для дачного строительства;Есть;Парковка,Парк;6-12.86;145000-294000;156;36;Участки;;https://istra-sady.ru;Нет;Есть;Нет;
Мета Группа;Кузьминский;Светлана Лозовая;Каширское;41;Домодедовский;с. Кузьминское;55.254583, 37.877813;Индивидуальное жилищное строительство;Есть;Детская пл.,Спорт. пл.,Освещение,Парк;6.4-8.9;250000-482000;303;14;Дома и участки;10000000-12800000;https://kuzminskiy-kp.ru;Нет;Есть;Есть;
Удача;Петряиха;Александра Морозова;Новорижское,Минское;75;Рузский;д. Петряиха;55.785332, 36.394518;Индивидуальное жилищное строительство;Есть;Детская пл.;6-10.6;136611-208934;108;9;Участки;;;Нет;Есть;Нет;
Зембери;Шишаево;Александра Морозова;Новорижское,Волоколамское;60;Истринский;д. Шишаиха;55.998439, 36.643269;Индивидуальное жилищное строительство;Есть;;6.1-8.2;140000-215000;360;24;Участки;;;Нет;Есть;Нет;
Россзем;Маслово;Александра Морозова;Новорижское,Рублево-Успенское;22;Одинцовский;пос. Николина гора;55.744263, 37.062075;Индивидуальное жилищное строительство;Есть;;11.85-20.12;1100000-1500000;53;32;Дома и участки;24000000-54500000;;Есть;Есть;Есть;
Земля за городом;Новое Огуднево-2;Анна Приселкова;Щелковское;38;Щелковский;д. Петровское;56.088006, 38.247748;Для дачного строительства;Есть;Детская пл.,Спорт. пл.,Пляж;7.21-12.38;87000-240000;130;6;Участки;;https://kp-ogudnevo.ru;Нет;Есть;Нет;
Удача;Хрустали;;;104;;д. Едренево;54.929498, 36.48892;Для дачного строительства;;Детская пл.,Спорт. пл.,Парковка,Освещение;9-14;38889-38889;560;1;Участки;;;Нет;Есть;Нет;
Земля за городом;Петровский квартал;Анна Приселкова;Щелковское;38;Щелковский;д. Петровское;56.083846, 38.240253;Для дачного строительства;Есть;;11.4-12.64;153000-165000;107;2;Участки;;;Нет;Есть;Нет;
Дмитровка Загородная недвижимость;Андрейково Лайф;Чернов Андрей;Дмитровское;47;Дмитровский;д. Хорьяково;56.243308, 37.656345;Для дачного строительства;Нет;;6-12;170000-210000;110;83;Участки;;;Нет;Есть;Есть;
Россзем;Горки Лайф;Чернов Андрей;Дмитровское;39;Дмитровский;д. Горки;56.208635, 37.588557;Для садоводства;Есть;Детская пл.,Спорт. пл.;7.36-14.9;182000-266000;195;17;Участки;;;Нет;Есть;Есть;
Эссенс;Эссенс;;Новорижское,Пятницкое;42;Истринский;д. Андреевское;55.952099, 36.865788;Для дачного строительства;Есть;Детская пл.,Спорт. пл.,Парк,Освещение;12-28;;37;37;Дома;48500000-112000000;;Есть;Есть;Есть;
Земкомфорт;Экопарк Истра;Александра Морозова;Новорижское,Волоколамское;56;Истринский;д. Матвейково;56.027676, 36.760631;Для дачного строительства;Нет;Детская пл.,Спорт. пл.,Освещение;5-24.2;160000-210000;279;177;Участки;;;Нет;Есть;Нет;
Good-Zem;Грин Лаундж;;Новорижское;62;Истринский;д. Якунино;56.062199, 36.762342;Для дачного строительства;Есть;;6-9.86;400000-500000;724;656;Участки;;;Нет;Есть;Нет;
Зембери;Гжельское озеро;Процман Иван;Новорязанское;40;Раменский;д. Минино;55.640679, 38.408995;Для дачного строительства с правом возведения жилого дома и проживания в нем;Есть;Детская пл.,Спорт. пл.,Освещение;8.35-11.26;200000-400000;400;12;Участки;;;Нет;Есть;Есть;
Земельный Экспресс;Сонинский лес;Дмитрий Ж.;Каширское;36;Домодедовский;д. Сонино;55.305293, 37.788080;Индивидуальное жилищное строительство;Есть;;14.96-14.96;110000-110000;226;1;Участки;;https://soninskiy-les.ru;Нет;Есть;Нет;
Родные Земли;Континент;Процман Иван;Егорьевское;43;Раменский;с. Гжель;55.594224, 38.399511;Для дачного строительства с правом возведения жилого дома и проживания в нем;Есть;Детская пл.,Спорт. пл.;8.21-16.15;100132-126529;131;147;Участки;;;Нет;Есть;Нет;
Красивая Земля;Васильково-3;Макагонова Ольга;Калужское;55;Чеховский;д. Масново-Жуково;55.212689, 37.278045;Для садоводства;Есть;;13.88-25.4;59700-62800;508;13;Участки;;;Нет;Есть;Нет;
Красивая Земля;Васильково-2;Макагонова Ольга;Калужское;55;Чеховский;д. Масново-Жуково;55.207984, 37.267773;Для садоводства;Есть;;36.03-36.03;59000-59000;284;1;Участки;;;Нет;Есть;Нет;
Собственник;Добрый берег;Бельчикова Елена;Ленинградское;80;Клинский;д. Макшеево;56.323975, 36.509144;Для дачного строительства;;Детская пл.,Спорт. пл.,Пляж;7.4-20;30000-55000;204;182;Участки;;;Нет;Есть;Есть;
Удача;Кремлевский;Антон;Новорижское,Волоколамское;88;Волоколамский;с. Морозово;55.966124, 36.072947;Для дачного строительства;Есть;Детская пл.,Парк,Парковка;7.33-47.5;120000-151915;135;31;Участки;;;Есть;Есть;Нет;
Земля за городом;Рижские дворики-2 (2 очередь);Александра Морозова;Новорижское;95;Волоколамский;д. Чащь;56.207096, 36.130458;Для дачного строительства;Есть;;6-13.92;25000-64000;380;112;Участки;;;Нет;Есть;Нет;
Мета Группа;Западное Покровское;;Новорижское;25;Истринский;д. Покровское;55.816647, 37.004895;Для объектов торговли;Есть;КПП,До шоссе 150 м,Освещение;28.45-119.16;680000-2000000;28;25;Участки;;;Есть;Есть;Есть;
Yard Village;Ярд Вилладж;Александра Морозова;Новорижское;38;Истринский;д. Ефимово;55.961481, 36.809571;Для дачного строительства;Есть;Детская пл.,Парковка,Освещение,Спорт. пл.;6-6;;95;79;Дома;14600000-23100000;;Есть;Есть;Есть;
Подмосковные земли;Новое Карпово;;Егорьевское;50;Раменский;д. Карпово;55.575550, 38.564237;Для дачного строительства с правом возведения жилого дома и проживания в нем;Есть;;8.2-9.5;120000-120000;293;28;Участки;;;Нет;Есть;Нет;
Земкомфорт;Юбилейный квартал;Константин Коваленко;Горьковское;39;Ногинский;г. Электросталь;55.818897, 38.461940;Для садоводства;Есть;;6.1-12.34;130000-180000;726;724;Участки;;;Нет;Есть;Нет;
Земкомфорт;Аква Викториас Вилладж;Константин Коваленко;Горьковское,Щелковское;25;Лосино-Петровский;пос. Свердловский;55.901470, 38.167692;Индивидуальное жилищное строительство;Есть;Детская пл.,Спорт. пл.;5.4-13.9;255000-330000;176;84;Участки;;;Нет;Есть;Нет;
Doma Group;Огниково Фэмили Клаб;Александра Морозова;Новорижское,Волоколамское;56;Истринский;пос. Огниково;56.005416, 36.905111;Для дачного строительства;Есть;Детская пл.,Спорт. пл.,Освещение,Парк,Парковка;6-19;;184;182;Дома;10167000-18063000;;Есть;Есть;Есть;
Земкомфорт;Экопарк Бабеево;Константин Коваленко;Носовихинское,Горьковское;38;Ногинский;д. Степаново;55.716611, 38.454809;Для садоводства;Есть;;6-10.15;80000-300000;682;254;Участки;;;Нет;Есть;Нет;
Удача;Окский берег;;Симферопольское,Каширское;109;Серпуховский;д. Хорошевка;54.819954, 37.816724;Для дачного строительства;Есть;;6.1-11.1;55718-63333;225;22;Участки;;;Нет;Есть;Нет;
Удача;Рузский берег;Александра Морозова;Новорижское,Минское;90;Рузский;г. Руза;55.695428, 36.169543;Индивидуальное жилищное строительство;Есть;Детская пл.,Спорт. пл.,Освещение;7.3-25.5;300000-500000;76;57;Участки;;;Есть;Есть;Есть;
Дмитровка Загородная недвижимость;Дмитровка Лайф;Чернов Андрей;Дмитровское;47;Дмитровский;д. Андрейково;56.242704, 37.653934;Для дачного строительства;Нет;Детская пл.,Спорт. пл.,Парк,Пляж;17.78-17.78;250000-250000;76;2;Участки;;;Нет;Есть;Есть;
Возрождение;Возрождение;Александра Морозова;Новорижское,Волоколамское;58;Истринский;д. Веретенки;55.923784, 36.625465;Для дачного строительства;Есть;;8.6-15.8;360000-490000;65;52;Дома и участки;9530000-15185000;Условия определяются индивидуально. ;Нет;Есть;Нет;
Собственник;Дмитровка Лесная;Чернов Андрей;Дмитровское;16;Мытищинский;д. Шолохово;56.053686, 37.528788;Индивидуальное жилищное строительство;Есть;;4.06-5.18;;11;11;Дома;13500000-13500000;;Есть;Есть;Есть;
Земкомфорт;Изумрудная бухта;Константин Коваленко;Щелковское;50;Щелковский;д. Старки;56.058833, 38.381681;Для дачного строительства;Есть;;6-12;95000-200000;169;161;Участки;;;Нет;Есть;Нет;
Земкомфорт;Володарский парк;Александр;Новорязанское;19;Раменский;д. Прудки;55.523296, 37.936175;Индивидуальное жилищное строительство;Есть;;8-19.5;350000-350000;336;16;Участки;;;Нет;Есть;Есть;
Родные Земли;Рига Лайф;Александра Морозова;Новорижское,Волоколамское;56;Истринский;д. Рубцово;55.939896, 36.581444;Для дачного строительства;Есть;Дет.сад,Спорт. пл.,Освещение,Парковка,Парк;6-10;500000-500000;156;154;Дома;13500000-16500000;;;Есть;Есть;
Земкомфорт;Мишнево Лайф;Константин Коваленко;Щелковское,Фряновское;38;Щелковский;д. Мишнево;55.997457, 38.184355;Для садоводства;Есть;;6.25-9.7;90000-130000;175;51;Участки;;;Нет;Есть;Нет;
Земкомфорт;Орлово Лайф;Константин Коваленко;Щелковское,Фряновское;38;Щелковский;д. Орлово;56.037598, 38.108138;Для садоводства;Есть;;5-7.9;105000-200000;134;38;Участки;;;Нет;Есть;Нет;
Земельный Экспресс;Рэд;Дмитрий Ж.;Каширское;35;Домодедовский;д. Красное;55.320993, 37.794129;Индивидуальное жилищное строительство;Есть;Детская пл.,Спорт. пл.,Парковка,Освещение;5-13.26;475000-825000;429;97;Дома и участки;8935000-8935000;https://red-poselok.ru;Нет;Есть;Есть;
Земкомфорт;Экопарк Никольское;Чернов Андрей;Ленинградское;37;Солнечногорский;д. Никольское;56.052577, 37.200619;Для садоводства;Есть;;5.9-16;250000-400000;104;55;Участки;;;Нет;Есть;Нет;
Земкомфорт;Восточная деревня;Константин Коваленко;Носовихинское,Горьковское;20;Ногинский;г. Электроугли ;55.714036, 38.166767;Индивидуальное жилищное строительство;Есть;Парк,Детская пл.;6-22;520000-900000;265;182;Участки;;;Есть;Есть;Есть;
Земельный Экспресс;Береговой;Светлана Лозовая;Каширское;43;Домодедовский;д. Матчино;55.240572, 37.789849;Индивидуальное жилищное строительство;Есть;;6.31-7;170000-170000;239;1;Участки;;https://kp-beregovoy.ru;Нет;Есть;Нет;
Удача;Верховье-2;Дмитрий;;99;;д. Верховье;54.976547, 36.498983;Индивидуальное жилищное строительство;Нет;Детская пл.,Освещение,Спорт. пл.,Парк;7-23;80000-170000;99;99;Участки;;;Нет;Есть;Нет;
Родные Земли;Тюльпаново-2;Александра Морозова;Новорижское,Волоколамское;78;Истринский;п. Лесодолгоруково;56.016094, 36.330206;Для дачного строительства;Есть;;6-11;99000-120000;617;235;Участки;;;Нет;Есть;Нет;
Земкомфорт;Кожинский берег;Константин Коваленко;Щелковское;24;Щелковский;г. Щелково;55.912867, 38.086561;Для жилищного строительства;Есть;;6-12;820000-950000;339;333;Участки;;;Нет;Есть;Нет;
Красивая Земля;Васильково;Макагонова Ольга;Калужское;55;Чеховский;с. Шарапово;55.201528, 37.269386;Для садоводства;Есть;;25.04-29.95;49500-49500;379;2;Участки;;;Нет;Есть;Нет;
Зембери;Бужаровские дачи;Антон;Волоколамское;42;Истринский;Бужарово;56.002099, 36.752857;Для дачного строительства;Есть;;6-9.77;300000-400000;72;26;Участки;;;Нет;Есть;Нет;
Удача;Изумрудный;Чернов Андрей;Дмитровское;46;Дмитровский;д. Трощейково;56.28323, 37.722859;Для дачного строительства;Есть;Детская пл.,Спорт. пл.;6-15;94760-220000;570;286;Участки;;;Нет;Нет;Есть;
Земельный Экспресс;Мирный;Дмитрий Ж.;Каширское;26;Домодедовский;Битягово;55.381972, 37.719317;Индивидуальное жилищное строительство;Есть;;7.41-14.34;400000-500000;375;5;Участки;;https://kp-mirnyi.ru;Нет;Есть;Нет;
Земстройторг;Шадрино;Чернов Андрей;Дмитровское;53;Дмитровский;д. Шадрино;56.262569, 37.695350;Для дачного строительства;Есть;Детская пл.,Спорт. пл.,Пляж;8.41-15.18;100000-145000;268;3;Участки;;https://shadrino.su;Нет;Есть;Нет;
Собственник;Марфино;Бельчикова Елена;Ленинградское;79;Клинский;д. Марфино;56.251945, 36.697531;Индивидуальное жилищное строительство;Нет;Детская пл.,Освещение,Парк,Спорт. пл.,Парковка;5-29;89000-149000;285;285;Участки;;;Нет;Есть;Есть;
;Живой родник;;Варшавское;45;Новая Москва;д. Старогромово;55.294196, 37.241376;Для дачного строительства;Есть;;19.43-25.33;130000-300000;23;22;Участки;;;Нет;Есть;Нет;
Удача;Высоты-2;;;103;;д. Меличкино;55.052417, 36.467073;Для дачного строительства;Есть;Детская пл.,Парковка,Освещение;9.8-13.2;90741-90741;357;1;Участки;;;Есть;Есть;Есть;
Собственник;Солнечный берег;Антон;Новорижское,Минское;60;Одинцовский;д. Гигирево;55.681212, 36.686972;Индивидуальное жилищное строительство;Есть;Освещение,Парк,Детская пл.;6-10;;48;48;Дома;19295000-41821000;;Есть;Есть;Есть;
Земстройторг;Дом у озера;Чернов Андрей;Дмитровское;50;Дмитровский;д. Сбоево;56.221499, 37.632104;Для дачного строительства;Есть;Освещение,Детская пл.,Парковка;6-11;175000-270000;106;74;Участки;;;Нет;Есть;Нет;
Удача;Облака;Бельчикова Елена;Пятницкое;49;Солнечногорский;д. Судниково;56.112784, 36.921146;Для дачного строительства;Есть;;26.35-26.35;190000-190000;85;1;Участки;;;Нет;Есть;Есть;
AVO Business;Lakeside Residence;Lakeside Residence;Каширское;122;Каширский;пос. Спицинский ;54.595742, 38.031725;Для садоводства;Есть;Детская пл.,Спорт. пл.,Пляж,Освещение,Парковка;7-25;227000-254000;136;109;Дома и участки;4850000-27035000;;Есть;Есть;Есть;
Зембери;Васькино Парк;Елена Байкова;Симферопольское;50;Чеховский;д. Васькино;55.127282, 37.601210;Индивидуальное жилищное строительство;Есть;Детская пл.,Освещение,Парковка,Спорт. пл.;5.2-9.4;450000-800000;424;424;Участки;;;Нет;Есть;Есть;
Красивая Земля;Изумрудное озеро-2;;Минское;100;Можайский;д. Михайловское;55.434888, 35.886393;Для дачного строительства;Есть;;10.2-28.24;42000-65000;351;25;Участки;;;Нет;Есть;Нет;
Красивая Земля;Никитские пруды;Процман Иван;Новорязанское;60;Раменский;с. Никитское;55.304467, 38.480036;Для дачного строительства;Есть;;9-15.84;45000-85000;341;3;Участки;;;Нет;Есть;Нет;
Земстройторг;Яркое;Чернов Андрей;Ярославское;73;Сергиево-Посадский;д. Бужаниново;56.403369, 38.359671;Для дачного строительства;Нет;;7-16.6;79000-150000;351;142;Участки;;;Нет;Есть;Нет;
Земкомфорт;Хоругвинские дачи;Чернов Андрей;Ленинградское;37;Солнечногорский;д. Хоругвино;56.120974, 37.203242;Для садоводства;Есть;;6-9.8;93000-93000;156;139;Участки;;;Нет;Есть;Нет;
Собственник;Подсолнух Парк;Подсолнух Парк;Новорижское,Волоколамское;60;Истринский;д. Карцево;56.030497, 36.699341;Для дачного строительства;Есть;Детская пл.,Спорт. пл.,Парк,Парковка;8-12;;300;263;Дома;9900000-25000000;;Есть;Есть;Есть;
Дача 9-18;Дача 9-18;;Новорижское,Волоколамское;44;Истринский;д. Горшково;55.864107, 36.759867;Индивидуальное жилищное строительство;Есть;Детская пл.;6.2-6.2;403000-403000;411;2;Участки;;;Есть;Есть;Есть;
Стройсервискомплект;Варежки-3;Варежки-3;Щелковское,Ярославское;13;Щелковский;д. Серково;55.899864, 37.966990;Индивидуальное жилищное строительство;Есть;Детская пл.,Спорт. пл.,Парковка,Парк,Освещение;1.7-5.4;;370;86;Дома;7700000-16000000;;Есть;Есть;Есть;
Земля за городом;Задорное озеро;;Новорижское,Минское;150;Шаховской;д. Дор; 55.815308, 35.511465;Для дачного строительства;Есть;;8.5-16.9;12900-12900;178;140;Участки;;;Нет;Есть;Нет;
Земельный Экспресс;Форвард;;Каширское;18;Домодедовский;д. Заболотье;55.458851, 37.678090;Индивидуальное жилищное строительство;Есть;Детская пл.,Освещение;6.12-7.55;700000-700000;305;5;Участки;;https://forvard-kp.ru;Нет;Есть;Нет;
Оазис;Еремино Парк;Чернов Андрей;Дмитровское;10;Мытищинский;д. Еремино;56.004161, 37.544949;Для дачного строительства с правом возведения жилого дома и проживания в нем;Есть;;7.4-8.72;560000-560000;142;2;Участки;;;Есть;Есть;Есть;
Красивая Земля;Соколиная Гора;Елена Жабченко;Симферопольское;49;Чеховский;д. Сокольниково;55.15254, 37.617249;Для дачного строительства;Есть;Дет.сад,Спорт. пл.,Парк,Освещение,Парковка;8.23-8.23;190000-190000;1036;1;Участки;;https://socolinaya-gora.ru;Нет;Есть;Нет;
Удача;Мед;Елена Жабченко;Симферопольское,Каширское;70;Ступинский;д. Прудно;55.003200, 37.815702;Для садоводства;Есть;Детская пл.,Спорт. пл.;6-14.65;105000-220000;270;185;Участки;;;Есть;Есть;Нет;
Собственник;АкадемПарк;;Симферопольское;98;Серпуховский;Пущино;54.827643, 37.719055;Для дачного строительства;;Детская пл.,Спорт. пл.,Освещение;7-22.6;109000-205000;170;31;Участки;;;Нет;Есть;Нет;
Мета Группа;Новое Горелово ;Елена Жабченко;Симферопольское;65;Чеховский;д. Горелово;55.106893, 37.266426;Для жилищного строительства;Есть;;9.14-31.84;175000-175000;187;20;Участки;;;Нет;Есть;Нет;
Удача;Высоково;Антон;Минское,Можайское;70;Рузский;д. Высоково;55.654642, 36.517525;Для садоводства;Есть;Детская пл.,Спорт. пл.,Освещение,Парковка;6.16-7.6;180000-467500;196;98;Участки;;https://kp-vysokovo.ru;Есть;Есть;Нет;
Зембери;Подпоринские просторы;Антон;Новорижское,Волоколамское;40;Истринский;д. Подпорино;55.923954, 37.020388;Для дачного строительства;Есть;Детская пл.,Спорт. пл.;6.7-9.8;350000-400000;371;5;Участки;;;Нет;Есть;Нет;
Красивая Земля;Южные озера-2;Макагонова Ольга;Симферопольское,Калужское;55;Чеховский;д. Тюфанка;55.213753, 37.254450;Для садоводства;Есть;Детская пл.,Парк,Освещение,Парковка;7.74-22.72;170065-237645;208;29;Участки;;https://uzhnye-ozera.ru;Нет;Есть;Есть;
New Riga Life;Британика;Британика;Новорижское,Волоколамское;29;Истринский;с. Петровское;55.833291, 36.898667;Для дачного строительства;Есть;Детская пл.,Спорт. пл.,Освещение,Парковка;2.02-7.06;;383;42;Дома;13900000-51800000;;Есть;Есть;Есть;
Дмитровка Загородная недвижимость;Рыбацкая деревня;Елена Жабченко;Симферопольское;100;Серпуховский;пос. Ланьшинский;54.836398,37.278606;Для дачного строительства;Есть;;6-22;190000-224000;146;65;Участки;;http://rybackaya-derevnya.ru;Есть;Есть;Есть;
Удача;Раточкины пруды;Антон;Можайское;85;Наро-Фоминский;д. Ястребово;55.335914, 36.125435;Для дачного строительства;Есть;Детская пл.,Пляж,Парк;8-22;80500-135500;345;150;Участки;;;Нет;Есть;Есть;
Удача;Речной;;Минское,Можайское;98;Можайский;Борисово;55.423519, 36.079353;Для дачного строительства;Есть;Детская пл.,Пляж,Парковка,Освещение;6-16.8;55000-140428;300;37;Участки;;;Нет;Есть;Нет;
Эко Зем;Кузнецы-3;;Горьковское;52;Павлово-Посадский;д. Кузнецы;55.850636, 38.659510;Для садоводства;Есть;;6.58-11.07;39000-45000;257;140;Участки;;;Нет;Есть;Нет;
;Озерный;;Минское;120;Можайский;д. Высокое;55.433160, 35.720983;Для дачного строительства;Нет;;6-34.4;15000-17350;361;274;Участки;;;Нет;Есть;Нет;
Фостер;Лесные зори;;Новорижское;19;Истринский;д. Аносино ;55.827635, 37.019918;Для дачного строительства;Есть;Парк,Спорт. пл.;12.7-13.5;;12;9;Дома;69900000-105000000;;Есть;Есть;Есть;
Земля за городом;Рижские дворики-4;;Новорижское,Волоколамское;95;Волоколамский;д. Чащь;56.201709, 36.125470;Для дачного строительства;Есть;;6-26.8;35000-144000;290;288;Участки;;;Нет;Есть;Нет;
Удача;Починки;;Каширское;70;Ступинский;с. Починки;54.971347, 37.806632;Для садоводства;Есть;;6.16-40.16;190000-190000;300;2;Участки;;;Нет;Есть;Нет;
Удача;Спутник;;Минское,Можайское;95;Можайский;д. Александрово;55.523494, 36.112768;Для дачного строительства;Есть;Детская пл.,Парковка;10.3-31.5;82784-108527;326;3;Участки;;;Нет;Есть;Нет;
Удача;Велиборы;;;110;;д. Скрипорово;55.057301, 36.488327;Для дачного строительства с правом возведения жилого дома и проживания в нем;Нет;Детская пл.,Спорт. пл.,Парк;17.9-17.9;66253-70423;360;2;Участки;;;Нет;Есть;Нет;
Удача;Окунево;;Каширское;122;Каширский;д. Кунеево;54.599384, 37.935495;Индивидуальное жилищное строительство;Есть;;7.34-25.2;24000-68000;608;80;Участки;;;Нет;Есть;Есть;
Удача;Починки-2;;Каширское;70;Ступинский;д. Починки;54.970752, 37.800637;Для садоводства;;Детская пл.,Парковка,Парк;6-13;102148-228690;283;168;Участки;;;Нет;Есть;Нет;
На Наре;Полесье;Елена Жабченко;Симферопольское;85;Серпуховский;д. Съяново-2;55.039919, 37.255675;Для дачного строительства;Есть;;9.55-18.58;65000-65000;65;0;Участки;;http://kp-polesie.ru;Нет;Есть;Нет;
Удача;Надеждино Лайф;Антон;Новорижское;70;Истринский;д. Надеждино;55.993467, 36.357347;Для дачного строительства;Есть;Детская пл.;10.9-20.4;127659-127659;96;1;Участки;;;Нет;Есть;Нет;
Собственник;Таруса;;Симферопольское,Варшавское;120;Серпуховский;д. Мясоедово;54.581411, 37.177057;;Есть;Детская пл.,Пляж,Парковка,Парк,Освещение;3-5;;26;26;Дома;14500000-24000000;;Есть;Есть;Нет;
Собственник;Березенки;Елена Жабченко;Симферопольское;65;Чеховский;д. Березенки;55.079638, 37.232617;Для дачного строительства;Есть;;12.14-21.42;100000-100000;262;33;Участки;;;Нет;Есть;Нет;
Мета Группа;Солнечный круг (2,3 очередь);Елена Жабченко;Симферопольское,Калужское;65;Чеховский;д. Филипповское;55.125645, 37.264385;Для садоводства;Есть;Детская пл.,Спорт. пл.;6-15.59;115000-170000;724;159;Участки;;;Нет;Есть;Нет;
;Макарово;Антон;Минское,Можайское;98;Можайский;д. Макарово;55.561749, 36.041589;Для дачного строительства;Есть;Детская пл.,Спорт. пл.;6-10;60000-95000;171;128;Участки;;;Нет;Есть;Нет;
Good-Zem;Старниково Ясное;;Новорязанское;50;Раменский;д. Старниково;55.381098, 38.414358;Для дачного строительства;Есть;;6-10.73;140000-180000;83;79;Участки;;;Нет;Есть;Нет;
Good-Zem;Трошково Светлое;;Егорьевское;40;Раменский;д. Глебово;55.593578, 38.419400;Для дачного строительства с правом возведения жилого дома и проживания в нем;Есть;;6-8;240000-290000;1279;1193;Участки;;;Есть;Есть;Нет;
Good-Zem;Фенино Лесное;;Егорьевское;40;Раменский;д. Фенино;55.593748, 38.391500;Для дачного строительства с правом возведения жилого дома и проживания в нем;Есть;;6-12.13;220000-280000;224;109;Участки;;;Нет;Есть;Нет;
Good-Zem;Бахтеево Парк;;Егорьевское;42;Раменский;д. Бахтеево;55.583942, 38.527215;Для дачного строительства с правом возведения жилого дома и проживания в нем;Есть;;6-25.67;220000-280000;755;405;Дома и участки;3900000-5100000;;Нет;Есть;Есть;
Удача;Ваниль;;Каширское;80;Ступинский;с. Старая Ситня;54.943679, 38.156339;Для жилищного строительства;Есть;Детская пл.,Спорт. пл.,Парковка;4.75-12.6;96800-181500;155;126;Участки;;;Нет;Есть;Нет;
Удача;Сапроново;Процман Иван;Новорязанское;70;Ступинский;с. Сапроново;55.218347, 38.415138;Для дачного строительства;Есть;;6-19.9;53000-89409;226;2;Участки;;;Нет;Есть;Нет;
Удача;Светлозерье;Процман Иван;Новорязанское;80;Ступинский;с. Городня;55.172301, 38.422340;Индивидуальное жилищное строительство;Нет;;7.1-14.5;28429-101430;72;39;Участки;;;Нет;Есть;Есть;
Удача;Кубасово;;Каширское;70;Ступинский;д. Кубасово;54.976785, 37.846854;Для дачного строительства;Есть;Детская пл.,Спорт. пл.,Парковка;8.1-13.6;150000-180000;447;3;Участки;;;Есть;Есть;Нет;
Земельный Экспресс;Лесная сказка;Дмитрий Ж.;Каширское;45;Домодедовский;д. Степыгино;55.222971, 37.684909;Индивидуальное жилищное строительство;Есть;;6.5-10.04;170000-170000;39;2;Участки;;;Нет;Есть;Нет;
Красивая Земля;Чистые пруды;;Ленинградское;70;Клинский;д. Губино;56.396543, 36.808747;Для дачного строительства;Есть;;7.94-15.87;50000-60000;506;75;Участки;;;Нет;Есть;Нет;
Удача;Эко Озеро;;Новорижское;104;Волоколамский;д. Сляднево;55.8924, 35.995224;Для дачного строительства;Есть;;13.4-14.8;108563-148228;205;3;Участки;;;Есть;Есть;Нет;
Зембери;Дианино;Елена Байкова;Каширское;65;Ступинский;д. Кишкино;55.17861, 38.018941;Для дачного строительства;Нет;;6-14.4;102500-152500;300;280;Участки;;;Нет;Есть;Нет;
Родные Земли;Красивое;Бельчикова Елена;Ленинградское,Пятницкое;48;Солнечногорский;д. Новая;56.086957, 36.924729;Для дачного строительства;Есть;Детская пл.,Парковка,Освещение;8.01-10.44;143745-177873;123;2;Участки;;;Нет;Есть;Есть;
Родные Земли;Повадино Клаб;Бельчикова Елена;Ленинградское,Пятницкое;43;Солнечногорский;д. Повадино;56.055568, 36.951678;Для дачного строительства;Нет;;6.51-11.25;200000-280000;31;25;Участки;;;Нет;Есть;Нет;
Родные Земли;Дудниково;Антон;;78;Рузский;пос. Космодемьянский;55.486453, 36.383287;Для дачного строительства;Есть;Освещение,Парковка;9.2-11.76;92997-118157;32;9;Участки;;;Нет;Есть;Нет;
Удача;Живописный берег;;Каширское;70;Ступинский;д. Прудно;55.012056, 37.823643;Для дачного строительства;Есть;Детская пл.,Парковка,Освещение,Парк;6.6-17.1;146107-292215;270;75;Участки;;;Есть;Есть;Нет;
Родные Земли;Светлый ручей;Константин Коваленко;Щелковское;49;Ногинский;д. Ботово;56.048108, 38.404600;Для дачного строительства;Есть;;9.17-12.94;48725-55147;144;11;Участки;;;Нет;Есть;Нет;
Родные Земли;Рига Грин;Антон;Новорижское,Волоколамское;74;Истринский;д. Курово;56.030155, 36.613462;Для садоводства;Есть;Детская пл.,Спорт. пл.,Освещение;6-10.54;141846-234000;400;223;Участки;;;Нет;Есть;Нет;
Родные Земли;Рыбушки;Антон;Новорижское,Волоколамское;72;Истринский;д. Рыбушки;56.008656, 36.507677;Для садоводства;Есть;Детская пл.,Освещение,Спорт. пл.;6-10.75;105790-253750;258;150;Участки;;;Нет;Есть;Нет;
MDI;Малинки Лайф;Малинки Лайф;Симферопольское;68;Серпуховский;д. Тверитино;54.979439, 37.333473;Для дачного строительства;Есть;Парковка,Освещение,Парк;10-10.02;120000-130000;35;2;Участки;;;Нет;Есть;Нет;
Земстройторг;Аббакумово;Чернов Андрей;Рогачёвское,Дмитровское;11;Мытищинский;д. Аббакумово;56.006097, 37.510635;Индивидуальное жилищное строительство;Есть;;12.7-12.7;500000-500000;128;2;Участки;;https://abbakumovo-kp.ru;;Есть;Есть;
ТСН-Недвижимость;Целеево Кантри Клаб;Бельчикова Елена;Дмитровское;42;Дмитровский;д. Новляки;56.224318, 37.460556;Для дачного строительства;Есть;Детская пл.,Парковка,Освещение;6-8;;55;43;Дома;12000000-14000000;;Есть;Есть;Нет;
ТСН-Недвижимость;Жюльверн;Бельчикова Елена;Ярославское;25;Пушкинский;с. Левково;56.018544, 37.968013;Для дачного строительства;Есть;Детская пл.,Спорт. пл.,Освещение,Парк;5.8-18.3;700000-700000;126;22;Дома и участки;13070000-20990000;;Есть;Есть;Есть;
Земкомфорт;Удинские дачи;Чернов Андрей;Рогачёвское;38;Дмитровский;д. Удино;56.149189, 37.324084;Для дачного строительства;Есть;;4.8-27.6;135000-300000;266;227;Участки;;;Нет;Есть;Нет;
;Грибово Лайф;Анна Приселкова;Ярославское,Фряновское;25;Пушкинский;д. Грибово;56.012038, 37.967951;Для дачного строительства;Есть;Детская пл.,Парковка;6.07-8.43;442000-491000;93;17;Участки;;;Нет;Есть;Есть;
Родные Земли;Яхрома Ривер;Чернов Андрей;Дмитровское;54;Дмитровский;д. Ивановское;56.262511, 37.677010;Для дачного строительства;Есть;;7.2-13.67;68657-81944;587;7;Участки;;;Нет;Есть;Нет;
Удача;Малина;;Каширское;80;Ступинский;д. Старая Ситня;54.935745, 38.142874;Для жилищного строительства;Есть;Парковка;5.5-40.3;44000-71500;116;38;Участки;;;Нет;Есть;Нет;
Земля МО;Бекетово Парк;;Симферопольское;68;Ступинский;д. Теняково;55.029700, 37.777222;Для дачного строительства;Есть;Детская пл.,Спорт. пл.,Парк,Пляж,Парковка,Освещение;8.35-12;239900-299900;336;34;Участки;;;Нет;Есть;Есть;
Земля МО;Shelkovo Village;;Симферопольское;65;Ступинский;д. Шелково;55.060819, 37.746908;Индивидуальное жилищное строительство;Есть;Детская пл.,Спорт. пл.,Парк,Пляж,Парковка,Освещение;8-13.5;229900-589900;398;167;Участки;;;Есть;Есть;Есть;
Московский берег;Зеленая опушка 2;;Новорязанское;45;Раменский;д. Бояркино;55.446645, 38.263846;Для дачного строительства с правом возведения жилого дома и проживания в нем;Есть;;14.5-24;45000-60000;313;112;Участки;;;Нет;Есть;Нет;
Сottage Poselki;Полесье;;Горьковское,Щелковское;42;Ногинский;д. Кабаново;55.883954, 38.307963;Индивидуальное жилищное строительство;Есть;;8-11;100000-150000;356;12;Дома;4899000-15000000;;Есть;Есть;Есть;
Сottage Poselki;Буковая аллея;;Щелковское;42;Ногинский;д. Кабаново;55.880185, 38.293308;Индивидуальное жилищное строительство;Есть;;8.06-14.5;100000-150000;69;31;Дома;4899000-15000000;;Есть;Есть;Есть;
Сottage Poselki;Воскресенское-2;;Горьковское,Щелковское;37;Ногинский;с. Воскресенское;55.929460, 38.285425;Для дачного строительства;Есть;;7.97-10.46;100000-150000;416;359;Дома и участки;4899000-15000000;;Есть;Есть;Есть;
Земля за городом;Рижские дворики-2 (1 очередь);Александра Морозова;Новорижское;95;Волоколамский;д. Чащь;56.206460, 36.123302;Для дачного строительства;Есть;;7.91-7.91;25000-25000;234;0;Участки;;;Нет;Есть;Нет;
Новорижские ключи;Новорижские ключи;;Новорижское;95;Клинский;д. Богаиха;56.212314,36.452736;Для дачного строительства;Есть;Детская пл.,Спорт. пл.,Парк,Освещение,Пляж;8.7-17.8;100000-149000;316;70;Участки;;;Нет;Есть;Есть;
Истринская долина;Куртниково;;Новорижское;75;Истринский;д. Куртниково;56.046263, 36.733037;Для дачного строительства;Есть;;10.15-40.23;150000-250000;123;18;Дома и участки;7530000-10560000;;Есть;Есть;Есть;
Истринская долина;Куртниково-2;;Новорижское;75;Истринский;д. Куртниково;56.047195, 36.737211;Для дачного строительства;Есть;;7.81-20.96;183000-195000;101;56;Дома и участки;7500000-10560000;;Есть;Есть;Есть;
Астерра;Орловъ;;Каширское;12;Ленинский;д. Орлово;55.553579, 37.888238;Для садоводства;Есть;;1.48-16.24;850000-7804878;258;19;Дома;13800000-20466000;;Есть;Есть;Есть;
Астерра;Тироль;;Рогачёвское,Ленинградское;39;Солнечногорский;д. Холмы;56.099708, 37.272176;Для дачного строительства;Есть;Детская пл.,Спорт. пл.,Парк,Освещение;24.78-24.78;181598-181598;198;1;Участки;;;Есть;Есть;Есть;
Астерра;Купавна Life 2;;Носовихинское,Горьковское;14;Балашихинский;д. Дятловка;55.737155, 38.074260;Индивидуальное жилищное строительство;Есть;;11.61-11.61;575000-575000;350;1;Участки;;;Нет;Есть;Есть;
Земля МО;Шелково Форест;;Симферопольское;64;Ступинский;д. Шелково;55.060516, 37.745926;Индивидуальное жилищное строительство;Есть;Детская пл.,Спорт. пл.,Парк,Парковка,Освещение,Пляж;8-18;219900-779900;362;155;Участки;;;Нет;Есть;Есть;
Оазис;Малина парк;;Новорязанское;29;Раменский;д. Тимонино;55.473113, 38.198648;Индивидуальное жилищное строительство;Есть;;6-7.51;200000-327700;239;9;Участки;;;Есть;Есть;Есть;
Московский берег;Морозово-2;;Новорязанское;50;Раменский;д. Морозово;55.387983, 38.364875;Для дачного строительства с правом возведения жилого дома и проживания в нем;Есть;;6.5-7.9;80000-90000;58;37;Участки;;;Нет;Есть;Есть;
iResidence;Новое Бехтеево;;Каширское;38;Домодедовский;д. Бехтеево;55.313424, 37.894999;Для жилищного строительства;Есть;Парковка,Освещение,Парк;15.15-18.14;211000-277000;158;3;Участки;;;Есть;Есть;Есть;
Истринская долина;2х2;;Новорижское;82;Истринский;д. Малое Ушаково;56.050982, 36.697469;Для дачного строительства;Есть;;11.05-14.46;70000-85000;69;8;Участки;;;Есть;Есть;Нет;
Земля МО;Гринвуд;;Симферопольское,Каширское;65;Ступинский;д. Семеновское;55.081606, 37.760836;Для садоводства;Есть;Детская пл.,Спорт. пл.,Освещение,Парковка;9.86-10;597000-650000;354;2;Участки;;;Есть;Есть;Есть;
Своя Земля;Фиалкино;Процман Иван;Новорязанское;70;Раменский;д. Поддубье;55.318695, 38.440878;Для дачного строительства с правом возведения жилого дома и проживания в нем;Есть;;12.5-12.5;70000-70000;196;1;Участки;;;Нет;Нет;Нет;
Истринская долина;Река-река;;Новорижское;48;Одинцовский;д. Сальково;55.727678, 36.892434;Индивидуальное жилищное строительство;Есть;Спорт. пл.,Детская пл.,Освещение,Парковка,Парк;25-33.78;600000-639000;222;13;Участки;;;Есть;Есть;Есть;
Good-Zem;Новое Давыдово;;Новорязанское;60;Раменский;с.Давыдово;55.335402, 38.464461;Для дачного строительства с правом возведения жилого дома и проживания в нем;;;6-8.63;170000-220000;419;240;Участки;;;Есть;Есть;Есть;
Земля МО;Грин Парк-2;;Симферопольское,Каширское;71;Ступинский;д. Теняково;55.047198, 37.785749;Для дачного строительства;Есть;Детская пл.,Освещение,Пляж,Спорт. пл.,Парк;8-12.4;480000-559000;80;9;Участки;;;Нет;Есть;Нет;
Земля МО;Гринвуд-2;;Симферопольское,Каширское;65;Ступинский;с. Семеновское ;55.077336, 37.768936;Для садоводства;Есть;Детская пл.,Спорт. пл.,Парк,Пляж,Парковка,Освещение;9-16.28;459899-1655600;354;31;Участки;;;Есть;Есть;Есть;
Удача;Радищево;;;109;;г. Малоярославец;54.989894, 36.421012;Индивидуальное жилищное строительство;Есть;;6.8-14.5;110049-142417;101;19;Участки;;;Нет;Есть;Нет;
;Южная долина;;Симферопольское;110;Серпуховский;д. Трухачево;54.766977,37.647339;Для садоводства;Есть;Детская пл.,Освещение,Парковка,Парк;7.7-16.4;65000-70000;125;80;Участки;;;Нет;Есть;Нет;
Атмосфера;Анива (Самоцветы);;;103;;д. Меличкино;55.050718, 36.459372;Для садоводства;Есть;;6-14.8;85000-90000;87;37;Участки;;;Нет;Есть;Нет;
Истринская долина;Леоново;;Новорижское;58;Истринский;Леоново;56.047239, 36.679610;Для дачного строительства;Есть;;10.03-27.1;130000-1450000;141;5;Дома и участки;19900000-19900000;;Есть;Есть;Есть;
Истринская долина;Долина озер;;Новорижское,Волоколамское;55;Истринский;Большое Ушаково;55.999998, 36.802804;Для дачного строительства;Есть;;9-9.04;1316371-1322222;295;2;Дома и участки;7530000-10560000;;Нет;Есть;Нет;
;Лесная поляна-2;;Новорязанское;55;Раменский;с. Татаринцево;55.363273, 38.338882;Для дачного строительства с правом возведения жилого дома и проживания в нем;Есть;;7-32;70000-70000;599;468;Участки;;;Нет;Есть;Нет;
Истринская долина;Лето;;Новорижское,Волоколамское;58;Истринский;д. Куртниково;56.054890, 36.737410;Для дачного строительства;Есть;;14.1-17.98;327000-330000;66;2;Участки;;;Есть;Есть;Есть;
Собственник;Внуково;Евгений Якушев;Киевское,Минское;15;Новая Москва;пос. Внуково;55.612982, 37.259348;Индивидуальное жилищное строительство;Есть;;3.5-3.5;;3;3;Дома;18500000-18500000;;Есть;Есть;Есть;
МегаЗем;Кукарино;;Минское,Можайское;93;Можайский;д. Шиколово;55.504593, 36.145180;Для дачного строительства;Есть;;6.9-9.85;65000-65000;72;4;Участки;;;Нет;Есть;Нет;
ДомКом;Интер Вилладж;;Каширское,Новорязанское;47;Раменский;д. Салтыково;55.381667, 38.109647;Для дачного строительства с правом возведения жилого дома и проживания в нем;Есть;Парк,Пляж;6-19.76;125000-363000;196;25;Участки;;;Есть;Есть;Нет;
РДК-Групп;Радости Парк;;Новорижское;99;Клинский;д. Волосово;56.132890, 36.353104;Для дачного строительства;Есть;;8-17.7;100000-100000;495;112;Участки;;;Есть;Есть;Есть;
Интегра;Еремеево Life;;Волоколамское,Пятницкое;44;Истринский;д. Еремеево;55.943674, 37.028215;Индивидуальное жилищное строительство;Есть;Детская пл.,Парк,Спорт. пл.,Парковка;6.21-10.6;290000-349000;400;15;Дома и участки;3754000-10200000;;Нет;Есть;Есть;
Родные Земли;Ясные Зори;;Каширское,Новорязанское;69;Ступинский;с. Нефедьево;55.176238, 38.189775;Для дачного строительства;Есть;Детская пл.,Парковка;9.47-9.47;51000-51000;202;1;Участки;;;Нет;Есть;Нет;
Красивая Земля;Заповедный берег-2;;Симферопольское;77;Серпуховский;д. Верхнее Шахлово;55.025652,37.257914;Для дачного строительства;Есть;;10.5-10.5;45000-45000;196;1;Участки;;;Нет;Есть;Нет;
МегаЗем;Можайские сады;;Минское,Можайское;95;Можайский;д. Денисьево;55.510206, 36.166901;Для дачного строительства;Есть;;6-15;80000-180000;350;159;Дома и участки;1380000-4500000;;Есть;Есть;Есть;
Родные Земли;Руза Резорт;;Минское,Можайское;83;Рузский;д. Вражеское;55.650208, 36.283336;Индивидуальное жилищное строительство;Есть;;10-11.26;110000-128800;131;3;Участки;;;Нет;Есть;Нет;
;Новое Жирово (2 очередь);;Егорьевское;49;Раменский;д. Жирово;55.591736, 38.531328;Для дачного строительства;Есть;;6.01-11.91;45000-65000;345;314;Участки;;;Нет;Есть;Нет;
Собственник;Писательский уголок;Евгений Якушев;Минское;12;Новая Москва;пос. ДСК Мичуринец;55.647271, 37.327027;Индивидуальное жилищное строительство;Есть;;3-6;;6;4;Дома;19900000-33900000;;Есть;Есть;Есть;
МегаЗем;Аристово;;;76;;д. Шилово;55.225595, 36.742468;Для жилищного строительства;Есть;;6.77-16.21;60000-140000;187;30;Дома и участки;1650000-1950000;;Нет;Есть;Нет;
Земли МСК;Сумароково-2;;Каширское;59;Ступинский;д. Сумраково;55.111174, 37.801917;Для садоводства;Есть;;5.58-13.66;71000-82000;360;102;Участки;;;Нет;Есть;Нет;
Каскад Недвижимость;Резиденции Пестово;Чернов Андрей;Дмитровское;25;Мытищинский;д. Хлябово;56.121166, 37.559043;Индивидуальное жилищное строительство;Есть;Детская пл.,Спорт. пл.,Парк,Парковка,Освещение;6.62-15.8;348000-500000;151;147;Дома и участки;13450000-45400000;;Есть;Есть;Есть;
;Княжье озеро;;Новорижское;25;Истринский;с. Павловская слобода;55.818478, 37.046702;Для дачного строительства;Есть;Детская пл.,Спорт. пл.,Парк,Пляж;10-31;;500;54;Дома;42000000-139000000;;Есть;Есть;Есть;
;Новое Матчино;;Каширское;44;Домодедовский;д. Матчино;55.245590, 37.800478;Индивидуальное жилищное строительство;Есть;;6-12;275000-300000;317;204;Участки;;;Нет;Есть;Нет;
Семеновское;Семеновское;;Симферопольское,Каширское;78;Ступинский;Дубечено;55.074649, 37.752077;Для дачного строительства;Есть;Спорт. пл.,Парк,Детская пл.;7.24-15.26;130000-210000;104;3;Участки;;;Нет;Есть;Есть;
NewRigaLand;Звенигородский лес;;Новорижское;50;Одинцовский;д. Красные Всходы;55.789788, 36.742201;Для дачного строительства;Нет;;15-15;267000-413000;41;5;Участки;;;Есть;Есть;Есть;
Доброзем;Дубрава;;Ленинградское;22;Солнечногорский;д. Клушино;56.030798, 37.287470;Для дачного строительства;Нет;Парковка;12-15;300000-300000;44;16;Участки;;;Нет;Есть;Есть;
Optiland;Марсель;;Калужское;34;Новая Москва;с. Никольское;55.371823, 37.230695;Для дачного строительства;Есть;;5-11.39;250000-500000;58;19;Дома и участки;8500000-14000000;;Есть;Есть;Есть;
ZemFM;Шустово;;Дмитровское,Ярославское;50;Дмитровский;д. Кекишево;56.224395, 37.713881;Для дачного строительства;Есть;;8-18.27;90000-100000;185;124;Участки;;;Нет;Есть;Нет;
Астерра;Купавна Сити;;Носовихинское;14;Балашихинский;д. Дятловка;55.732509, 38.077375;Индивидуальное жилищное строительство;Есть;Детская пл.,Спорт. пл.,Освещение;6-11.46;445000-552000;350;18;Дома;14100000-16600000;;Нет;Есть;Нет;
ZemFM;Усадьба Надеждино;;Дмитровское;69;Дмитровский;д. Надеждино;56.482259, 37.437236;Для дачного строительства;Есть;;6.58-11.73;50000-90000;168;134;Участки;;;Нет;Есть;Нет;
Зима-Лето;Зима-Лето;;Рогачёвское;25;Дмитровский;д. Бабаиха;56.095387, 37.359046;Индивидуальное жилищное строительство;Есть;;4-11.92;187500-192953;116;55;Дома и участки;3500000-6800000;;Есть;Есть;Есть;
Чеховские дворики;Чеховские дворики;;Симферопольское;65;Чеховский;д. Хлевино;55.167303, 37.345967;Индивидуальное жилищное строительство;Есть;;6-25;;82;48;Дома;6493000-12460000;;Нет;Есть;Есть;
ГринСтрой;Глаголево парк;;Киевское,Калужское,Минское;38;Наро-Фоминский;Глаголево;55.476949, 37.040718;Для жилищного строительства;Есть;;15-35;;400;20;Дома;9800000-95000000;;Есть;Есть;Есть;
Мета Группа;Южный;Светлана Лозовая;Симферопольское;11;Подольский;д. Бяконтово;55.488090, 37.639873;Для складских и административных зданий;Есть;;72.47-96.33;900000-900000;27;2;Участки;;;Есть;Есть;Есть;
Новые вешки;Новые Вешки;;Дмитровское;2;Мытищинский;пос. Вешки;55.931542, 37.605364;Индивидуальное жилищное строительство;Есть;;6-12;;776;41;Дома;62880000-121550000;;Есть;Есть;Есть;
Мета Группа;Коробово;Светлана Лозовая;Каширское;8;Ленинский;д. Коробово;55.524968, 37.812560;Для складских и административных зданий;Есть;;23.43-68.31;1150000-1700000;62;9;Участки;;;Есть;Есть;Есть;
Мета Группа;Стрелково;Светлана Лозовая;Симферопольское;12;Подольский;д. Стрелково;55.455966, 37.614474;Для объектов торговли;Есть;Парковка;22-82.7;775000-1530000;51;26;Участки;;;Есть;Есть;Есть;
Новотарасково;Новотарасково;;Каширское;98;Каширский;д. Колтово;54.800995, 38.067808;Для садоводства;Есть;;10-10;180000-180000;86;39;Дома и участки;3700000-5400000;;Есть;Есть;Есть;
Шале Рублево;Шале Рублево;;Новорижское;25;Одинцовский;пос. Горки-10;55.692688, 37.028556;Индивидуальное жилищное строительство;Есть;;8-100;450000-450000;66;21;Участки;;;Есть;Есть;Есть;
Антей Инвест;Светлая поляна;Светлая поляна;Каширское;42;Домодедовский;д. Острожки;55.220397, 37.783473;Для дачного строительства;Есть;Детская пл.,Спорт. пл.,Парк,Освещение;7.2-15.2;;267;136;Дома;13500000-15600000;;Есть;Есть;Нет;
Белый берег;Белый берег;;Новорязанское;16;Раменский;д. Верхнее Мячково;55.547631, 38.002006;Индивидуальное жилищное строительство;Есть;Детская пл.,Спорт. пл.,Освещение,Парковка,Парк;2-3;;330;76;Дома;16000000-18000000;;Есть;Есть;Есть;
Земля за городом;Репниково;Светлана Лозовая;Симферопольское;50;Чеховский;д. Репниково;55.190677, 37.457094;Для производственных целей;Есть;Ж/д ветка,До шоссе 150 м,Освещение,Удобный подъезд;36-207;300000-440000;43;26;Участки;;;Нет;Есть;Есть;
Земля за городом;Алешино;;Ярославское;38;Пушкинский;д. Алешино;56.159134, 37.748865;Для складских и административных зданий;Есть;До шоссе 150 м,Освещение,Удобный подъезд;30-54;300000-440000;11;9;Участки;;;Нет;Есть;Нет;
Можайская земля;Красный Стан;;Минское,Можайское;92;Можайский;Красный Стан;55.576567, 36.117423;Для дачного строительства;Есть;;6-14.5;50000-65000;126;76;Участки;;;Нет;Есть;Нет;
Земельные истории;Данилово Парк;;Каширское;35;Домодедовский;с. Растуново;55.290285, 37.861258;Индивидуальное жилищное строительство;Есть;;6-14.2;250000-500000;343;74;Участки;;;Нет;Есть;Есть;
Земкомфорт;Лыткарино;Процман Иван;Новорязанское;20;Раменский;г. Лыткарино;55.574006, 37.898400;Для сельскохозяйственного производства;Есть;КПП,Удобный подъезд,Освещение;25-51;300000-360000;26;18;Участки;;;Есть;Есть;Нет;
ПрофИнвест;Нордик Хиллс;;Новорижское,Волоколамское;69;Истринский;с. Новопетровское;56.008611, 36.458162;Для дачного строительства;Нет;Детская пл.,Спорт. пл.,Парк,Освещение;7.54-16.88;274500-369000;84;43;Дома и участки;12400000-22500000;;Нет;Есть;Нет;
Orange City;Оранж Клаб;;Новорижское,Волоколамское;55;Истринский;д. Веретенки;55.922454, 36.601596;Для дачного строительства;Есть;Детская пл.,Спорт. пл.,Парк,Освещение;6-10;;260;8;Дома;13490000-21300000;;Есть;Есть;Есть;
Собственник;Лесное озеро;;Новорижское,Минское;60;Одинцовский;д. Сергиево;55.725096, 36.662315;Для дачного строительства;Есть;;6-10;210000-420000;147;99;Участки;;;Нет;Есть;Есть;
Славенка;Духанино Парк-2;;Волоколамское,Пятницкое;55;Истринский;д. Духанино;55.986808, 36.908020;Для дачного строительства;Есть;Детская пл.,Освещение,Спорт. пл.;7-12;200000-350000;102;58;Участки;;;Нет;Есть;Есть;
Своя Дача;Сергеевка;;Ленинградское,Таракановское;55;Солнечногорский;д. Сергеевка;56.260182, 36.969495;Для дачного строительства;Есть;Детская пл.;9-25;150000-150000;80;7;Участки;;;Есть;Есть;Есть;
Своя Дача;Клочково;;Ленинградское;35;Солнечногорский;д. Клочково;56.072641, 36.959843;Для дачного строительства;Нет;Детская пл.,Спорт. пл.;6.75-28.12;60000-83000;450;122;Участки;;;Нет;Есть;Нет;
Певчее;Певчее;Макагонова Ольга;Киевское,Калужское;30;Новая Москва;Клоково;55.529563, 37.266223;Индивидуальное жилищное строительство;Есть;;10.37-16.91;430000-515000;610;111;Участки;;;Есть;Есть;Есть;
Своя Земля;Нарышкино;;Новорязанское;16;Люберецкий;р.п. Малаховка;55.631178, 38.015146;Индивидуальное жилищное строительство;Есть;Освещение,Парковка;5-9.51;1200000-1200000;150;109;Участки;;;Нет;Есть;Нет;
Можайская земля;Лыткинские Зори;;Минское,Можайское;94;Можайский;Лыткино;55.442068, 36.035691;Для дачного строительства;Есть;;10-38.93;42000-50000;212;11;Участки;;;Нет;Есть;Нет;
Своя Дача;Лукошкино;;Егорьевское;46;Раменский;д. Игнатьево;55.612220, 38.505387;Для дачного строительства с правом возведения жилого дома и проживания в нем;Есть;Детская пл.;35-39;35000-35000;148;2;Участки;;;Нет;Есть;Есть;
Облзем;Кузнецовское Подворье;;Егорьевское,Новорязанское;42;Раменский;д. Кузнецово;55.484894, 38.345948;Для дачного строительства;Есть;;9-12.02;90000-90000;315;22;Участки;;;Нет;Есть;Есть;
Астерра;Остров Лайф;;Каширское;7;Ленинский;д. Мамоново;55.589258, 37.838873;Для садоводства;Есть;Детская пл.,Спорт. пл.,Освещение,Парковка;5.04-22.73;400000-770000;160;142;Участки;;;Есть;Есть;Нет;
Астерра;Кудыкино Лайф;;Носовихинское;80;Орехово-Зуевский;д. Кудыкино;55.735324,38.981139;Для садоводства;Есть;;5.64-13.55;97222-155319;242;263;Участки;;;Нет;Есть;Есть;
Ай Да Дача;Новое Рябцево;;Киевское;126;Наро-Фоминский;д. Рябцево;54.865705, 36.210676;Для садоводства;Есть;Детская пл.,Освещение,Спорт. пл.,Парковка;10-10.97;35000-320000;334;19;Участки;;;Есть;Есть;Нет;
ЗагЗем;Фатеево;;;99;;д. Фатеево;55.170226, 36.542958;Индивидуальное жилищное строительство;Есть;;4.2-8.9;225000-285000;122;59;Участки;;;Нет;Есть;Есть;
Истринская долина;Сканди Парк;;Новорижское,Волоколамское;60;Истринский;д. Леоново;56.049941, 36.667785;Для дачного строительства;Нет;Детская пл.,Освещение,Спорт. пл.,Парк;12-50;420000-600000;85;69;Участки;;;Есть;Есть;Есть;
Истринская долина;Леоново-2;;Новорижское,Волоколамское;60;Истринский;д. Леоново;56.049582, 36.679324;Для дачного строительства;Нет;Освещение,Парковка;8-23.9;199999-1048951;108;48;Участки;;;Нет;Есть;Есть;
Своя Дача;Игнатьево;;Егорьевское;45;Раменский;д. Игнатьево;55.608541, 38.511334;Для дачного строительства с правом возведения жилого дома и проживания в нем;Есть;Детская пл.,Парк;9.7-9.7;50000-50000;131;1;Участки;;;Нет;Есть;Есть;
Мета Группа;Шемякино;Светлана Лозовая;Ленинградское;23;Химкинский;д. Шемякино;55.998720, 37.397920;Для производственных целей;Есть;До шоссе 150 м,Удобный подъезд,Парковка,Освещение;24.5-101;560000-1070000;59;59;Участки;;;Есть;Есть;Есть;
Земля за городом;Стремиловское;Светлана Лозовая;Симферопольское;47;Чеховский;д. Костомарово;55.178855, 37.392598;Для производственных целей;Есть;КПП,Освещение,Удобный подъезд;250-250;120000-120000;1;1;Участки;;;Есть;Есть;Есть;
Зембери;Старокурово;Светлана Лозовая;Каширское;60;Ступинский;д. Старокурово;55.088464, 37.950882;Для складских и административных зданий;Есть;КПП,Удобный подъезд,Освещение;34-67;250000-350000;46;43;Участки;;;Нет;Есть;Есть;
Можайская земля;Аксентьево;;Минское,Можайское;105;Можайский;Аксентьево;55.417996, 35.906738;Для дачного строительства;Есть;Детская пл.,Парковка;5-9.5;50000-60000;225;196;Участки;;;Нет;Есть;Нет;
Можайская земля;Стрижи;;Минское,Можайское;110;Можайский;Ковалево;55.570764, 35.813898;Для дачного строительства;Есть;Детская пл.,Освещение,Парковка;10-12.55;40000-60000;254;202;Участки;;;Нет;Есть;Нет;
Истринская долина;Прилесные дачи;;Новорижское,Волоколамское;59;Истринский;д. Малое Ушаково;56.063073, 36.684227;Для дачного строительства;Есть;;6-14.9;80508-160421;1180;143;Участки;;;Нет;Есть;Нет;
Ай Да Дача;Воскресенки;;Симферопольское;89;Серпуховский;д. Воскресенки;54.994138, 37.628446;Для дачного строительства;Есть;Детская пл.,Парк,Освещение,Спорт. пл.;10-15.34;167733-240436;168;68;Участки;;;Есть;Есть;Нет;
Земельный Экспресс;Технопарк Растуново;Светлана Лозовая;Каширское;37;Домодедовский;д. Сонино;55.29718, 37.79891;Для складских и административных зданий;Есть;Удобный подъезд,Освещение,АЗС;23.7-34;500000-550000;18;10;Участки;;;Нет;Есть;Нет;
Каскад Недвижимость;Ольховка Кантри Клаб;;Новорязанское;25;Раменский;с. Синьково;55.501478, 38.118248;Для дачного строительства;Есть;Детская пл.,Парковка,Освещение,Парк;8-14;;110;85;Дома;8400000-17600000;;Есть;Есть;Есть;
Собственник;Притяжение;;Дмитровское;46;Дмитровский;д. Афанасово;56.275479, 37.534847;Для садоводства;Есть;Детская пл.,Спорт. пл.,Освещение,Парковка;7.3-11.3;250000-300000;75;58;Дома и участки;8100000-15500000;;Нет;Есть;Есть;
Земкомфорт;Виталенд;Чернов Андрей;Дмитровское;45;Мытищинский;д. Протасово;56.126614, 37.593282;Индивидуальное жилищное строительство;Есть;Освещение,Пляж,Парк;5-24.3;220000-350000;154;110;Участки;;;Есть;Есть;Нет;
Ай Да Дача;Екатерининская пустынь;;Симферопольское;8;Ленинский;д. Федюково;55.523310, 37.672980;Для садоводства;Есть;;13-13;638000-638000;260;1;Участки;;;Есть;Есть;Есть;
Ай Да Дача;Петрухино-Дальнее;;Симферопольское;75;Серпуховский;д. Петрухино;54.992211, 37.561313;Для дачного строительства;Есть;;10.06-17.91;107267-200000;25;9;Участки;;;Нет;Есть;Нет;
Земля за городом;Старниково;Светлана Лозовая;Новорязанское;50;Раменский;д. Старниково;55.367022, 38.381702;Для производственных целей;Есть;До шоссе 150 м,Освещение,Удобный подъезд;28-65.4;200000-290000;30;7;Участки;;;Есть;Есть;Есть;
Gletcher;Крёкшино;;Киевское,Минское;25;Новая Москва;пос. свх. Крёкшино;55.597585, 37.099729;Индивидуальное жилищное строительство;Есть;;10.5-44.25;820000-1680000;352;55;Дома;18000000-120000000;;Есть;Есть;Есть;
Gletcher;Барвиха XXI;;Новорижское,Рублево-Успенское;10;Одинцовский;Рождественно;55.712905, 37.289355;Индивидуальное жилищное строительство;Есть;;27-45;;64;11;Дома;165000000-574200000;;Есть;Есть;Есть;
Greenga;Можайское море;;Минское,Можайское;98;Можайский;д. Марфин брод;55.545497, 35.966927;Для дачного строительства;Есть;Детская пл.,Парк,Пляж;12-25;49000-174000;573;3;Дома и участки;12000000-12000000;;Есть;Есть;Есть;
Первый Пионерский;Первый Пионерский;;Новорижское,Волоколамское;40;Истринский;Истра;55.948290, 36.870927;Для дачного строительства;Есть;Детская пл.,Парк,Спорт. пл.,Освещение;3-8;;326;198;Дома;24071000-41884000;;Есть;Есть;Есть;
Greenga;Лагуна-Парк;;Минское;110;Можайский;д. Красновидово;55.569866, 35.910549;Для дачного строительства;Есть;;12.2-119;220000-245000;32;4;Участки;;;;Есть;Есть;
Инком-Недвижимость;Шмелево Парк;;Новорязанское;22;Раменский;д. Редькино;55.515031, 37.976072;Для дачного строительства;Есть;Детская пл.,Парковка,Освещение;12-30;230000-260000;75;22;Участки;;;Нет;Есть;Есть;
Собственник;Валенсия;;Новорижское;25;Истринский;д. Падиково;55.817684, 36.982032;Индивидуальное жилищное строительство;Есть;Детская пл.,Освещение;6.12-10;850000-1500000;302;40;Дома и участки;15500000-39900000;;Есть;Есть;Есть;
Солнечногорье;Солнечногорье;;Ленинградское,Пятницкое;70;Клинский;Щекино;56.134032, 36.684268;Для дачного строительства;Есть;Детская пл.,Спорт. пл.;8-11.62;50000-60000;152;122;Участки;;;Нет;Есть;Нет;
;Шишкин;;Новорижское;58;Истринский;д. Гордово;55.906975, 36.573006;Для дачного строительства;Нет;;11.62-25.25;100000-100000;361;361;Участки;;;Нет;Есть;Есть;
Земля МО;Уайт Парк;;Симферопольское,Каширское;68;Ступинский;д. Гридюкино;55.095286, 37.800763;Индивидуальное жилищное строительство;Есть;Детская пл.,Спорт. пл.,Парк,Пляж,Освещение;8.93-14.02;209900-359900;231;130;Участки;;;Есть;Есть;Есть;
Земля МО;Панорама Ривер;;Каширское;65;Ступинский;д. Бекетово;55.032324, 37.802149;Индивидуальное жилищное строительство;Нет;Детская пл.,Спорт. пл.,Пляж,Парк,Освещение;8.28-14;419900-999900;144;59;Участки;;;Есть;Есть;Есть;
iResidence;Ист Резидентс ;;Новорязанское;28;Раменский;д. Бритово;55.489369, 38.134911;Для садоводства;Есть;Детская пл.,Освещение,Парк;6-19;262000-300000;170;121;Участки;;;Есть;Есть;Нет;
Собственник;Новогорск Клаб;;Ленинградское,Пятницкое;10;Красногорский;г. Химки;55.912597, 37.331998;Индивидуальное жилищное строительство;Есть;Детская пл.,Спорт. пл.,Парк,Освещение;6-23;;416;132;Дома;24000000-88000000;;Есть;Есть;Есть;
Бариново Парк;Бариново Парк;;Симферопольское;40;Домодедовский;с. Сынково;55.356790, 37.654116;Для дачного строительства;Есть;;7.6-28.48;365000-606000;188;38;Участки;;;Есть;Есть;Есть;
Родные Земли;Старокупавинский квартал;;Горьковское;28;Ногинский;д. Шульгино;55.804383, 38.217262;Для садоводства;Есть;;9.2-10.74;210000-250000;138;4;Участки;;;Нет;Есть;Нет;
Особое мнение;Малиновка-Парк;Макагонова Ольга;Киевское,Калужское;34;Наро-Фоминский;д. Поповка;55.495226, 37.188294;Для дачного строительства;Есть;;6-10.1;450000-550000;53;5;Участки;;;;Есть;Есть;
iResidence;Трилогия;;Рогачёвское;46;Дмитровский;д. Комаровка;56.183800, 37.285307;Для дачного строительства;Есть;Детская пл.,Парк;9.38-22.36;240000-318000;170;40;Участки;;;Есть;Есть;Есть;
;Окские леса;;Каширское;100;Каширский;д. Григорьевское;54.813787, 37.965056;Для дачного строительства;Нет;;15-18.84;58000-63000;68;6;Дома и участки;4900000-4900000;;Нет;Есть;Нет;
iResidence;Ten;;Новорижское;14;Красногорский;с. Ильинское;55.757257, 37.219771;Для жилищного строительства;Есть;;22.64-25.82;2814000-3490000;21;2;Участки;;;Есть;Есть;Есть;
iResidence;Ruzza;;Новорижское;120;Волоколамский;д. Глазово;55.811007, 35.932818;Для дачного строительства;Есть;;6-177;138000-419000;253;94;Участки;;;Есть;Есть;Нет;
Дубровский лес;Дубровский лес;;Ярославское;103;Сергиево-Посадский;Скорынино;56.628989, 38.101856;Для дачного строительства;Есть;;10-27.47;40000-40000;298;101;Участки;;;Нет;Есть;Нет;
iResidence;Дмитровка Светлая;;Рогачёвское;33;Дмитровский;д. Удино; 56.139567, 37.303872;Для дачного строительства;Есть;Детская пл.,Парк,Освещение;8.4-30.25;93000-174000;297;16;Участки;;;;Есть;Нет;
Landwerk;Smart Hill;;Дмитровское;40;Дмитровский;пос. Кузяево;56.251743, 37.551616;Для дачного строительства;Есть;;7.4-12.98;166000-211000;165;65;Участки;;;Есть;Есть;Есть;
iResidence;Усадьбы Удино (2 очередь);;Рогачёвское;35;Дмитровский;д. Поповка;56.154335, 37.319350;Для дачного строительства;Есть;Детская пл.,Спорт. пл.,Парк;6-9.76;332000-515000;281;64;Участки;;;Есть;Есть;Есть;
iResidence;Остров;;Рогачёвское,Лихачевское;25;Дмитровский;д. Бабаиха;56.113692, 37.364867;Для садоводства;Есть;;13.1-22.55;184000-288000;25;7;Участки;;;Нет;Есть;Нет;
Андреевский парк;Андреевский парк;;Ленинградское,Пятницкое;24;Солнечногорский;Баранцево;55.962537, 37.132057;Для дачного строительства;Есть;Детская пл.,Спорт. пл.,Парк;4.15-13.08;;187;120;Дома;21900000-43900000;;Есть;Есть;Есть;
Дача у Оки;Щучье озеро;;Каширское;98;Каширский;д. Елькино;54.775371, 38.052258;Для садоводства;Есть;;6.35-11.59;95000-95000;133;6;Участки;;;Нет;Есть;Нет;
iResidence;Чеховские усадьбы;;Симферопольское;50;Чеховский;д. Чепелево;55.172955, 37.477638;Для жилищного строительства;Есть;;10.57-10.57;500000-500000;53;1;Участки;;;Есть;Есть;Есть;
АБВГ Дача;Маринино;;Дмитровское;57;Дмитровский;д. Маринино;56.341087, 37.411621;Для дачного строительства;Есть;Детская пл.,Спорт. пл.;6.28-16.76;87000-97000;309;86;Участки;;;Нет;Есть;Есть;
Мирум;Трувиль;;Минское,Можайское;20;Одинцовский;Ликино;55.628297, 37.120455;Индивидуальное жилищное строительство;Есть;;2-26;;87;7;Дома;120000000-760000000;;Есть;Есть;Есть;
Интегра;Нескучный сад;;Волоколамское,Пятницкое;39;Истринский;д. Еремеево;55.949430, 37.007365;Для садоводства;Есть;Детская пл.,Спорт. пл.,Парк,Парковка;9-28.64;145000-228000;97;12;Участки;;;Есть;Есть;Есть;
Мирум;Довиль;;Минское,Можайское;12;Одинцовский;пос. Дома отдыха Озера;55.653153, 37.242508;Индивидуальное жилищное строительство;Есть;;10-57;;163;22;Дома;80000000-739000000;;Есть;Есть;Есть;
Дальние Дачи;Лесные озера;;Щелковское,Ярославское;85;Сергиево-Посадский;Лизуново;56.290394, 38.535444;Для дачного строительства;;;10.5-21.47;;472;56;Дома;8990000-20370000;;Есть;Есть;Есть;
Проминдустрия АГ;Остров (д. Мамоново);;Каширское,Новорязанское;7;Ленинский;д. Мамоново;55.588689, 37.832665;Для дачного строительства;Есть;;15-15.8;410000-410000;87;11;Участки;;;Есть;Есть;Есть;
Kaskad;Дмитроград;;Дмитровское;62;Дмитровский;п. Горшково;56.363420, 37.404156;Для дачного строительства;Есть;;8.5-14.62;55000-78000;232;42;Участки;;;Нет;Есть;Нет;
Мир Удач;Берег Удач;;Симферопольское;85;Серпуховский;дер. Костино;54.841630, 37.394179;Для садоводства;Есть;Детская пл.,Спорт. пл.,Пляж;5-20.96;79000-190000;275;21;Участки;;;Есть;Есть;Есть;
Русинтра;Златово;;Симферопольское;85;Серпуховский;Нижнее Шахлово;55.019191, 37.265756;Для садоводства;Есть;Детская пл.,Парк,Спорт. пл.;9.8-17.3;80000-100000;99;46;Участки;;;;Есть;Есть;
;Гельвеция;;Симферопольское;89;Серпуховский;д. Нижнее Романово;54.813314, 37.439706;Индивидуальное жилищное строительство;Есть;;6.2-31.23;;130;44;Дома;13126000-21350000;;Есть;Есть;Есть;
Екатериновка;Екатериновка;;Ленинградское;130;Солнечногорский;д. Отроковичи;56.760840, 36.348504;Индивидуальное жилищное строительство;Есть;;10-90;550000-550000;200;23;Дома и участки;9100000-47450000;;Есть;Есть;Есть;
Русинтра;Китежградъ;;Ярославское;38;Пушкинский;д. Степаньково;56.067856, 37.766863;Для дачного строительства;Есть;Парк,Спорт. пл.,Детская пл.;7.8-27.03;320000-400000;78;8;Участки;;;Есть;Есть;Есть;
Инком-Недвижимость;Березовый парк;;Новорязанское;27;Раменский;д. Синьково;55.499224, 38.089035;Для дачного строительства;Есть;Детская пл.,Спорт. пл.,Парковка,Пляж;9.3-28.2;230000-390000;592;41;Участки;;;;Есть;Есть;
Велес Капитал;Папушево;;Можайское;25;Одинцовский;пос. Горки-10;55.692557, 37.039330;Индивидуальное жилищное строительство;Есть;Детская пл.,Спорт. пл.,Парк,Парковка,Освещение;8.9-33.5;630000-770000;139;26;Дома и участки;10900000-29400000;;Есть;Есть;Есть;
Metra Group;Петрово-Дальнее;;Новорижское;22;Одинцовский;с. Петрово-Дальнее;55.761512, 37.162674;Индивидуальное жилищное строительство;Есть;;7.8-17.5;;43;32;Дома;31600000-53600000;;Есть;Есть;Есть;
Троицкое поместье;Надеждино;;Ленинградское;63;Клинский;д. Надеждино;56.197650, 36.736196;Для дачного строительства;Есть;;8.85-11.8;81510-107000;90;42;Участки;;;Нет;Есть;Есть;
Tierra Group;Ваньково;;Дмитровское;49;Дмитровский;д. Ваньково;56.267385, 37.704618;Для дачного строительства;Есть;;6.17-12.41;70000-130000;58;32;Участки;;;Нет;Есть;Нет;
Лисья горка;Лисья Горка;;Дмитровское;48;Мытищинский;д. Протасово;56.128586, 37.606577;Индивидуальное жилищное строительство;Есть;;8-15.52;156000-200000;155;35;Участки;;;Есть;Есть;Есть;
Русская сотка;Ильинские сады;;Новорижское;7;Солнечногорский;д. Воронки;55.795349, 37.280853;Для дачного строительства;Есть;;3.5-7.1;1570000-1570000;100;95;Участки;;;Есть;Есть;Есть;
ZemFM;Грин Парк (Дмитровский);;Дмитровское;43;Дмитровский;д. Свистуха;56.251372, 37.557017;Для дачного строительства;Есть;;6.94-7.71;140000-140000;337;211;Участки;;;Нет;Есть;Нет;
ZemFM;Морозовский уезд;;Дмитровское;43;Дмитровский;д. Морозово;56.170214, 37.587492;Для дачного строительства;Нет;;6.6-19.54;80000-100000;316;237;Участки;;;Нет;Есть;Есть;
GracePark;GracePark;;Пятницкое;35;Истринский;д. Адуево;55.953874, 36.981970;Для дачного строительства;Есть;;8.56-16.82;200000-280000;96;61;Участки;;;Есть;Есть;Есть;
Троицкое поместье;Марино;;Ленинградское;62;Клинский;д. Марино;56.192370, 36.723068;Для дачного строительства;Есть;;7.08-25;91329-155832;195;71;Участки;;;Нет;Есть;Есть;
ЗемАктив;Ситники;;Ленинградское,Новорижское;78;Клинский;д. Ситники;56.218528, 36.617960;Для дачного строительства;Есть;Детская пл.,Парк,Спорт. пл.,Освещение,Парковка;7.77-19.5;199781-517000;357;66;Участки;;;Есть;Есть;Есть;
Земное дело;Семейный Next 2;;Ленинградское;36;Солнечногорский;д. Белавино;56.067861, 36.993326;Для дачного строительства;Нет;;4.3-7.24;75000-95000;306;139;Участки;;;Нет;Есть;Есть;
Истра Строй Сервис;Акватория Истры;;Ленинградское,Пятницкое;41;Солнечногорский;д. Лопотово;56.072767, 36.834862;Индивидуальное жилищное строительство;Есть;;13-40;310000-310000;42;10;Дома и участки;15000000-30000000;;Есть;Есть;Есть;
Моя Земля;Занарская долина;;Симферопольское;70;Серпуховский;д. Клейменово;55.035276, 37.310440;Для огородничества;Нет;;10-11.27;52000-100000;140;12;Участки;;;Нет;Есть;Нет;
Барвиха Лайт;Барвиха лайт;;Ярославское;39;Пушкинский;д. Папертники;56.186819, 37.863509;Для дачного строительства;Есть;;5.2-7.88;250000-310000;220;184;Дома и участки;3500000-6000000;;;Есть;Есть;
Прерий;Прерий;;Новорязанское;10;Люберецкий;пгт. Томилино;55.647288, 37.954228;Для жилищного строительства;Есть;;6-30;1200000-1300000;180;41;Дома и участки;16400000-47264000;;Есть;Есть;Есть;
Лайт Лэнд;Орленок;;Егорьевское;67;Воскресенский;пгт. имени Цюрупы;55.480214, 38.652602;Индивидуальное жилищное строительство;Есть;;6-24;100000-150000;163;92;Участки;;;Нет;Есть;Нет;
Онтарио;Онтарио;;Минское;50;Наро-Фоминский;д. Жихарево;55.480262, 36.626974;Индивидуальное жилищное строительство;Есть;;7.5-16.48;133245-334672;71;22;Дома и участки;14250000-14250000;;Есть;Есть;Есть;
ЗемАктив;Коськово (Первая очередь);;Ленинградское,Новорижское;75;Клинский;д. Коськово;56.117182, 36.639304;Для дачного строительства;Есть;Детская пл.,Спорт. пл.,Парк,Парковка;8.72-17.64;76472-250000;161;44;Участки;;;Есть;Есть;Нет;
ЗемАктив;Междуречье;;Ленинградское,Новорижское;63;Клинский;д. Кореньки;56.106730, 36.628599;Для дачного строительства;Есть;;7.8-20.5;70000-75000;204;128;Участки;;;Нет;Есть;Нет;
Адва Эстейт;Абрамцево 3;;Ярославское;57;Сергиево-Посадский;д. Жучки;56.246837, 37.932778;Для дачного строительства;Есть;;10.8-47.15;100000-150000;137;14;Участки;;;Есть;Есть;Есть;
Золотые Сосны;Золотые Сосны;;Горьковское,Щелковское,Ярославское;60;Сергиево-Посадский;д. Маренкино;56.201513, 38.544396;Для дачного строительства;Нет;;10.21-24.99;;324;4;Дома;1300000-25000000;;Есть;Есть;Есть;
Новое Бакеево;Новое Бакеево;;Пятницкое;23;Солнечногорский;д. Бакеево;55.948491, 37.097043;Для жилищного строительства;Есть;;1.5-14;;263;45;Дома;13500000-15500000;;Есть;Есть;Есть;
Земли России;Можайский бор 2;;Минское;70;Можайский;д. Моденово;55.498511, 36.257331;Для дачного строительства;Нет;;7.32-10;50000-57000;18;5;Участки;;;Нет;Нет;Нет;
Земли России;Можайский бор;;Можайское;70;Можайский;д. Моденово;55.501327, 36.262119;Для дачного строительства;Нет;;9.85-11.29;50000-79385;40;6;Участки;;;Нет;Есть;Нет;
Земля в квадрате;Зеленый берег-4;;Горьковское;53;Подольский;Павловский Посад;55.797340, 38.622297;Для дачного строительства;Есть;;5.3-9.4;95000-110000;87;83;Участки;;;Нет;Есть;Нет;
Усадьба Соколово;Соколово Форест;;Пятницкое;38;Солнечногорский;д. Соколово;56.032433, 36.916829;Для садоводства;Есть;;4.96-35.72;240000-493000;378;26;Участки;;;Есть;Есть;Есть;
Астерра;Аносино Парк;;Новорижское;25;Истринский;д. Падиково;55.836418, 36.998537;Индивидуальное жилищное строительство;Есть;;5-12.82;1450000-6243093;316;42;Дома и участки;27900000-39700000;;Нет;Есть;Есть;
Лесные дали;Лесные дали;;Горьковское;54;Ногинский;д. Калитино;55.923259, 38.566938;Индивидуальное жилищное строительство;Есть;;8-15;80000-150000;279;130;Участки;;;Нет;Есть;Есть;
Лесные дали;Сказка (Ногинский район);;Горьковское;55;Ногинский;д. Калитино;55.915845, 38.564052;Индивидуальное жилищное строительство;Нет;;8.5-24;182000-200000;11;62;Участки;;;Нет;Есть;Нет;
Green Town;Бризе;;Пятницкое;11;Солнечногорский;д. Юрлово;55.897547, 37.267261;Для дачного строительства;Есть;;5.6-15.26;650000-2589285;63;23;Участки;;;Есть;Есть;Есть;
iResidence;Векшино;;Рогачёвское,Ленинградское;37;Дмитровский;д. Редькино;56.153823, 37.255794;Для жилищного строительства;Есть;Детская пл.,Спорт. пл.,Парк;10.4-13.94;228000-416000;279;4;Участки;;;Есть;Есть;Есть;
Малеевские просторы;Малеевские просторы;;Каширское;92;Каширский;д. Малеево;54.782625, 38.081499;Для садоводства;Есть;Детская пл.,Пляж;9.89-22;51000-51000;194;16;Участки;;;Есть;Есть;Нет;
Арнеево;Арнеево-2;;Симферопольское;73;Серпуховский;д. Арнеево;54.964122, 37.576672;Для дачного строительства;Есть;Детская пл.,Пляж,Спорт. пл.,Освещение;10.5-13.1;208000-236000;152;36;Участки;;;Есть;Есть;Есть;
СтройИнвестТопаз;Лесное озеро;;Калужское;25;Новая Москва;д. Колотилово;55.399147, 37.322785;Для дачного строительства;Есть;;12.54-36;345455-670000;176;30;Дома и участки;19800000-62500000;;Есть;Есть;Есть;
Александровы пруды;Александровы пруды;;Варшавское;30;Новая Москва;Иваньково;55.398692, 37.383040;Для дачного строительства;Есть;;10-25;259786-534061;564;194;Участки;;;Есть;Есть;Есть;
СтройИнвестТопаз;Чистые пруды (Крекшино);;Киевское,Минское;20;Новая Москва;д. Крекшино;55.586843, 37.096903;Для жилищного строительства;Нет;;;;123;0;Дома;23000000-23000000;;Есть;Есть;Есть;
Твой поселок;Бухта Глазово;;Минское,Можайское;120;Можайский;Глазово;55.637321, 35.780875;Для дачного строительства;Есть;;9.91-12;49000-64000;115;7;Дома и участки;1900000-3500000;;Есть;Есть;Есть;
Земстройторг;Адмиральский;Чернов Андрей;Дмитровское;23;Мытищинский;д. Юрьево;56.049741, 37.640068;Индивидуальное жилищное строительство;Есть;;10.34-11.85;450000-650000;101;3;Участки;;https://admiralskiy-kp.ru;Нет;Есть;Есть;
СтройИнвестТопаз;Зосимово;;Киевское;40;Новая Москва;п. Зосимова Пустынь;55.406013, 36.914491;Индивидуальное жилищное строительство;Есть;;7.02-25.23;147849-367217;746;37;Дома и участки;7900000-8500000;;Есть;Есть;Есть;
СтройИнвестТопаз;Сосновый бор (Чегодаево);;Варшавское;33;Новая Москва;д. Чегодаево;55.344236, 37.394760;Для дачного строительства;Есть;;11.3-47.48;288460-508591;173;32;Дома и участки;36000000-50000000;;Есть;Есть;Есть;
Дачи Подмосковья;Квартал Лесной;;Ярославское;30;Щелковский;Корякино;56.028317, 38.019191;Для дачного строительства;Есть;;4.94-13.03;95724-200163;250;77;Участки;;;Нет;Есть;Нет;
Валуевская Слобода;Валуевская Слобода;;Киевское;15;Новая Москва;Нижнее Валуево;55.577169, 37.336418;Индивидуальное жилищное строительство;Есть;;14.21-14.21;750000-900000;60;4;Дома и участки;39990000-42000000;;Есть;Есть;Есть;
Вудвиль;Вудвиль;;Ленинградское;62;Клинский;Акатьево;56.301813, 36.842578;Для дачного строительства;Есть;;8.82-11.94;120000-150000;40;13;Дома и участки;12500000-12500000;;Нет;Есть;Нет;
Добродача;Бобров ручей;;Киевское,Минское;75;Наро-Фоминский;д. Детенково;55.419689, 36.560246;Для дачного строительства;Нет;;9-20;150000-180000;101;87;Дома и участки;14400000-27700000;;Нет;Есть;Нет;
Добродача;Добрый луг;;Минское;90;Можайский;д. Коровино;55.433710, 36.088574;Для дачного строительства;Есть;;9-15;29000-29000;54;31;Дома и участки;1300000-2250000;;Нет;Есть;Нет;
СтройИнвестТопаз;Новое Глаголево;;Киевское;34;Наро-Фоминский;д. Глаголево;55.483108, 37.007697;Для жилищного строительства;Есть;;9.03-29.04;;349;3;Дома;28750000-35000000;;Есть;Есть;Есть;
СтройИнвестТопаз;Зеленые холмы;;Киевское;20;Наро-Фоминский;д. Першино;55.523306, 37.115041;Индивидуальное жилищное строительство;Есть;;7-24.53;199755-940000;141;37;Дома и участки;11500000-24150000;;Есть;Есть;Есть;
Олимп;Олимп;;Каширское;50;Ступинский;с. Константиновское;55.158352, 37.967692;Для садоводства;Нет;;10-20.3;350000-413000;283;104;Дома и участки;6500000-18000000;;Есть;Есть;Есть;
Васильевское;Васильевское;;Ярославское;15;Щелковский;Васильевское;55.935173, 37.917076;Для дачного строительства;Нет;;3.99-9.37;;77;52;Дома;7250000-14650000;;Есть;Есть;Есть;
Добродача;Новгородово;;Каширское;58;Ступинский;д. Петрищево;55.105810, 37.846756;Для дачного строительства;Есть;Освещение;8-16.27;60000-60000;110;110;Участки;;;Нет;Есть;Нет;
Oldi;Бригантина;;Дмитровское;11;Мытищинский;д. Новосельцево;56.008625, 37.567923;Для дачного строительства;Есть;;10-11.21;;34;13;Дома;13475000-15050000;;Есть;Есть;Есть;
